ACAMU,2019-02-22,10.020000457763672,10.029999732971191,10.0,10.0,10.0,5285557
ACAMU,2019-02-25,10.010000228881836,10.015999794006348,10.0,10.0,10.0,1031881
ACAMU,2019-02-26,10.0,10.010000228881836,10.0,10.0,10.0,79605
ACAMU,2019-02-27,10.0,10.010000228881836,10.0,10.0,10.0,134326
ACAMU,2019-02-28,10.0,10.010000228881836,10.0,10.0,10.0,55054
ACAMU,2019-03-01,10.0,10.010000228881836,9.989999771118164,10.0,10.0,656278
ACAMU,2019-03-04,10.010000228881836,10.010000228881836,9.994999885559082,10.0,10.0,79970
ACAMU,2019-03-05,10.010000228881836,10.010000228881836,10.0,10.0,10.0,88233
ACAMU,2019-03-06,10.029999732971191,10.029999732971191,9.949999809265137,9.970000267028809,9.970000267028809,91300
ACAMU,2019-03-07,9.970000267028809,9.970000267028809,9.970000267028809,9.970000267028809,9.970000267028809,22947
ACAMU,2019-03-08,10.0,10.0,10.0,10.0,10.0,55470
ACAMU,2019-03-11,10.0,10.0,9.970000267028809,9.979999542236328,9.979999542236328,1425
ACAMU,2019-03-12,10.0,10.0,10.0,10.0,10.0,38685
ACAMU,2019-03-13,10.0,10.0,10.0,10.0,10.0,5000
ACAMU,2019-03-14,10.0,10.0,10.0,10.0,10.0,0
ACAMU,2019-03-15,9.960000038146973,9.960000038146973,9.960000038146973,9.960000038146973,9.960000038146973,113
ACAMU,2019-03-18,10.0,10.0,10.0,10.0,10.0,6000
ACAMU,2019-03-19,9.984299659729004,9.984299659729004,9.984299659729004,9.984299659729004,9.984299659729004,317
ACAMU,2019-03-20,9.960000038146973,9.979999542236328,9.960000038146973,9.979999542236328,9.979999542236328,300
ACAMU,2019-03-21,9.960000038146973,9.979999542236328,9.960000038146973,9.979999542236328,9.979999542236328,1079
ACAMU,2019-03-22,9.960000038146973,9.970000267028809,9.960000038146973,9.960000038146973,9.960000038146973,10392
ACAMU,2019-03-25,10.0,10.0,10.0,10.0,10.0,2800
ACAMU,2019-03-26,10.0,10.0,10.0,10.0,10.0,39400
ACAMU,2019-03-27,10.0,10.0,10.0,10.0,10.0,3100
ACAMU,2019-03-28,10.0,10.0,10.0,10.0,10.0,3500
ACAMU,2019-03-29,10.0,10.0,10.0,10.0,10.0,0
ACAMU,2019-04-01,10.020000457763672,10.020000457763672,10.020000457763672,10.020000457763672,10.020000457763672,1302
ACAMU,2019-04-02,10.020000457763672,10.020000457763672,10.020000457763672,10.020000457763672,10.020000457763672,0
ACAMU,2019-04-03,10.050000190734863,10.050000190734863,10.020000457763672,10.020000457763672,10.020000457763672,5181
ACAMU,2019-04-04,10.01580047607422,10.01580047607422,10.010000228881836,10.010000228881836,10.010000228881836,1301
ACAMU,2019-04-05,10.0,10.010000228881836,10.0,10.010000228881836,10.010000228881836,124700
ACAMU,2019-04-08,10.010000228881836,10.010000228881836,10.010000228881836,10.010000228881836,10.010000228881836,0
ACAMU,2019-04-09,10.010000228881836,10.010000228881836,10.010000228881836,10.010000228881836,10.010000228881836,4300
ACAMU,2019-04-10,9.949999809265137,10.010000228881836,9.949999809265137,10.010000228881836,10.010000228881836,717
ACAMU,2019-04-11,10.0,10.005999565124512,10.0,10.005999565124512,10.005999565124512,600
ACAMU,2019-04-12,10.008500099182127,10.008500099182127,10.008500099182127,10.008500099182127,10.008500099182127,1000
ACAMU,2019-04-15,10.0,10.0,10.0,10.0,10.0,5000
ACAMU,2019-04-16,10.0,10.0,10.0,10.0,10.0,0
ACAMU,2019-04-17,10.0,10.0,10.0,10.0,10.0,0
ACAMU,2019-04-18,10.0,10.0,10.0,10.0,10.0,401
ACAMU,2019-04-22,10.0,10.0,10.0,10.0,10.0,7000
ACAMU,2019-04-23,9.989999771118164,9.989999771118164,9.989999771118164,9.989999771118164,9.989999771118164,150
ACAMU,2019-04-24,9.989999771118164,9.989999771118164,9.989999771118164,9.989999771118164,9.989999771118164,0
ACAMU,2019-04-25,10.0,10.010000228881836,10.0,10.0,10.0,208700
ACAMU,2019-04-26,9.979999542236328,10.0,9.979999542236328,10.0,10.0,1400
ACAMU,2019-04-29,10.0,10.005000114440918,10.0,10.0,10.0,35647
ACAMU,2019-04-30,10.0,10.0,9.950200080871582,9.974499702453612,9.974499702453612,24130
ACAMU,2019-05-01,9.974499702453612,9.974499702453612,9.974499702453612,9.974499702453612,9.974499702453612,0
ACAMU,2019-05-02,10.0,10.0,10.0,10.0,10.0,30500
ACAMU,2019-05-03,10.0,10.010000228881836,9.989999771118164,10.0,10.0,101650
ACAMU,2019-05-06,10.0,10.020000457763672,9.989999771118164,10.020000457763672,10.020000457763672,139186
ACAMU,2019-05-07,10.020000457763672,10.020000457763672,10.020000457763672,10.020000457763672,10.020000457763672,0
ACAMU,2019-05-08,10.0,10.010000228881836,10.0,10.010000228881836,10.010000228881836,30450
ACAMU,2019-05-09,10.010000228881836,10.020000457763672,10.010000228881836,10.020000457763672,10.020000457763672,11000
ACAMU,2019-05-10,10.0,10.0,10.0,10.0,10.0,1850
ACAMU,2019-05-13,10.0,10.0,10.0,10.0,10.0,0
ACAMU,2019-05-14,10.0,10.0,10.0,10.0,10.0,402000
ACAMU,2019-05-15,10.0,10.0,10.0,10.0,10.0,5597
ACAMU,2019-05-16,10.0,10.0,10.0,10.0,10.0,0
ACAMU,2019-05-17,10.0,10.0,10.0,10.0,10.0,0
ACAMU,2019-05-20,10.0,10.0,10.0,10.0,10.0,0
ACAMU,2019-05-21,10.0,10.0,10.0,10.0,10.0,0
ACAMU,2019-05-22,10.0,10.0,10.0,10.0,10.0,0
ACAMU,2019-05-23,10.0,10.0,10.0,10.0,10.0,0
ACAMU,2019-05-24,10.0,10.0,10.0,10.0,10.0,0
ACAMU,2019-05-28,10.0,10.0,10.0,10.0,10.0,0
ACAMU,2019-05-29,10.0,10.0,10.0,10.0,10.0,0
ACAMU,2019-05-30,10.0,10.0,10.0,10.0,10.0,0
ACAMU,2019-05-31,10.0,10.0,10.0,10.0,10.0,0
ACAMU,2019-06-03,10.0,10.0,10.0,10.0,10.0,6000
ACAMU,2019-06-04,10.0,10.0,10.0,10.0,10.0,0
ACAMU,2019-06-05,10.020000457763672,10.020000457763672,10.0,10.000100135803224,10.000100135803224,5180
ACAMU,2019-06-06,10.01099967956543,10.016900062561035,10.00749969482422,10.010000228881836,10.010000228881836,7997
ACAMU,2019-06-07,10.010000228881836,10.010000228881836,10.010000228881836,10.010000228881836,10.010000228881836,0
ACAMU,2019-06-10,10.010000228881836,10.010000228881836,10.010000228881836,10.010000228881836,10.010000228881836,0
ACAMU,2019-06-11,10.029999732971191,10.029999732971191,10.029999732971191,10.029999732971191,10.029999732971191,2489
ACAMU,2019-06-12,10.029999732971191,10.050000190734863,10.020000457763672,10.029999732971191,10.029999732971191,12700
ACAMU,2019-06-13,10.020000457763672,10.020000457763672,10.0,10.0,10.0,47027
ACAMU,2019-06-14,10.0,10.0,9.987500190734863,9.989999771118164,9.989999771118164,6383
ACAMU,2019-06-17,9.989999771118164,9.989999771118164,9.989999771118164,9.989999771118164,9.989999771118164,0
ACAMU,2019-06-18,10.0,10.0,9.979999542236328,9.979999542236328,9.979999542236328,1598
ACAMU,2019-06-19,10.0,10.0,10.0,10.0,10.0,3317
ACAMU,2019-06-20,10.010000228881836,10.010000228881836,10.010000228881836,10.010000228881836,10.010000228881836,15400
ACAMU,2019-06-21,10.010000228881836,10.010000228881836,10.010000228881836,10.010000228881836,10.010000228881836,0
ACAMU,2019-06-24,10.0,10.0,10.0,10.0,10.0,400898
ACAMU,2019-06-25,10.0,10.0,10.0,10.0,10.0,0
ACAMU,2019-06-26,10.0,10.0,10.0,10.0,10.0,0
ACAMU,2019-06-27,10.0,10.0,10.0,10.0,10.0,7779
ACAMU,2019-06-28,9.989999771118164,10.0,9.989999771118164,9.989999771118164,9.989999771118164,25700
ACAMU,2019-07-01,9.98009967803955,9.989999771118164,9.979999542236328,9.979999542236328,9.979999542236328,55300
ACAMU,2019-07-02,9.989999771118164,9.989999771118164,9.979999542236328,9.979999542236328,9.979999542236328,354732
ACAMU,2019-07-03,9.989999771118164,9.989999771118164,9.979999542236328,9.979999542236328,9.979999542236328,5269
ACAMU,2019-07-05,9.979999542236328,9.979999542236328,9.979999542236328,9.979999542236328,9.979999542236328,0
ACAMU,2019-07-08,9.979999542236328,9.979999542236328,9.979999542236328,9.979999542236328,9.979999542236328,0
ACAMU,2019-07-09,9.979999542236328,10.0,9.970000267028809,10.0,10.0,868932
ACAMU,2019-07-10,10.050000190734863,10.050000190734863,10.039999961853027,10.039999961853027,10.039999961853027,6200
ACAMU,2019-07-11,10.039999961853027,10.039999961853027,10.039999961853027,10.039999961853027,10.039999961853027,0
ACAMU,2019-07-12,10.01609992980957,10.050000190734863,10.010000228881836,10.050000190734863,10.050000190734863,6411
ACAMU,2019-07-15,10.050000190734863,10.050000190734863,10.050000190734863,10.050000190734863,10.050000190734863,0
ACAMU,2019-07-16,10.020000457763672,10.020000457763672,10.010000228881836,10.010000228881836,10.010000228881836,50302
ACAMU,2019-07-17,10.010000228881836,10.010000228881836,10.010000228881836,10.010000228881836,10.010000228881836,0
ACAMU,2019-07-18,10.0,10.0,10.0,10.0,10.0,150
ACAMU,2019-07-19,10.0,10.0,10.0,10.0,10.0,0
ACAMU,2019-07-22,10.0,10.0,10.0,10.0,10.0,0
ACAMU,2019-07-23,10.0,10.0,10.0,10.0,10.0,0
ACAMU,2019-07-24,10.0,10.0,10.0,10.0,10.0,0
ACAMU,2019-07-25,10.020000457763672,10.020000457763672,10.010000228881836,10.020000457763672,10.020000457763672,40400
ACAMU,2019-07-26,10.020000457763672,10.020000457763672,10.020000457763672,10.020000457763672,10.020000457763672,0
ACAMU,2019-07-29,10.020000457763672,10.020000457763672,10.020000457763672,10.020000457763672,10.020000457763672,0
ACAMU,2019-07-30,10.020000457763672,10.020000457763672,10.0,10.0,10.0,3311
ACAMU,2019-07-31,10.010000228881836,10.010000228881836,10.010000228881836,10.010000228881836,10.010000228881836,175
ACAMU,2019-08-01,10.010000228881836,10.010000228881836,10.010000228881836,10.010000228881836,10.010000228881836,0
ACAMU,2019-08-02,10.010000228881836,10.010000228881836,10.010000228881836,10.010000228881836,10.010000228881836,0
ACAMU,2019-08-05,10.010000228881836,10.010000228881836,10.010000228881836,10.010000228881836,10.010000228881836,0
ACAMU,2019-08-06,10.010000228881836,10.010000228881836,10.0,10.010000228881836,10.010000228881836,8501
ACAMU,2019-08-07,10.0,10.029999732971191,10.0,10.020000457763672,10.020000457763672,54711
ACAMU,2019-08-08,10.020000457763672,10.020000457763672,10.020000457763672,10.020000457763672,10.020000457763672,0
ACAMU,2019-08-09,10.0,10.0,10.0,10.0,10.0,50000
ACAMU,2019-08-12,10.0,10.0,10.0,10.0,10.0,50036
ACAMU,2019-08-13,10.050000190734863,10.050000190734863,10.050000190734863,10.050000190734863,10.050000190734863,300
ACAMU,2019-08-14,10.050000190734863,10.050000190734863,10.050000190734863,10.050000190734863,10.050000190734863,5000
ACAMU,2019-08-15,10.050000190734863,10.050000190734863,10.050000190734863,10.050000190734863,10.050000190734863,0
ACAMU,2019-08-16,10.050000190734863,10.050000190734863,10.050000190734863,10.050000190734863,10.050000190734863,0
ACAMU,2019-08-19,10.050000190734863,10.050000190734863,10.0,10.039999961853027,10.039999961853027,2590
ACAMU,2019-08-20,10.010000228881836,10.010000228881836,10.010000228881836,10.010000228881836,10.010000228881836,11500
ACAMU,2019-08-21,10.04800033569336,10.04800033569336,10.0,10.0,10.0,207600
ACAMU,2019-08-22,10.0,10.0,10.0,10.0,10.0,0
ACAMU,2019-08-23,10.0,10.0,10.0,10.0,10.0,0
ACAMU,2019-08-26,10.0,10.0,10.0,10.0,10.0,0
ACAMU,2019-08-27,10.0,10.0,10.0,10.0,10.0,0
ACAMU,2019-08-28,10.0,10.0,10.0,10.0,10.0,0
ACAMU,2019-08-29,10.0,10.0,10.0,10.0,10.0,0
ACAMU,2019-08-30,10.050000190734863,10.050000190734863,10.050000190734863,10.050000190734863,10.050000190734863,4700
ACAMU,2019-09-03,10.050000190734863,10.050000190734863,10.050000190734863,10.050000190734863,10.050000190734863,0
ACAMU,2019-09-04,10.050000190734863,10.050000190734863,10.050000190734863,10.050000190734863,10.050000190734863,0
ACAMU,2019-09-05,10.050000190734863,10.050000190734863,10.050000190734863,10.050000190734863,10.050000190734863,0
ACAMU,2019-09-06,10.069499969482422,10.09000015258789,10.050000190734863,10.050000190734863,10.050000190734863,21200
ACAMU,2019-09-09,10.0600004196167,10.100000381469728,10.0600004196167,10.100000381469728,10.100000381469728,154212
ACAMU,2019-09-10,10.0600004196167,10.149999618530272,10.0600004196167,10.149999618530272,10.149999618530272,1000
ACAMU,2019-09-11,10.109999656677246,10.109999656677246,10.0600004196167,10.0600004196167,10.0600004196167,201
ACAMU,2019-09-12,10.0600004196167,10.0600004196167,10.0600004196167,10.0600004196167,10.0600004196167,0
ACAMU,2019-09-13,10.0600004196167,10.0600004196167,10.0600004196167,10.0600004196167,10.0600004196167,0
ACAMU,2019-09-16,10.0600004196167,10.0600004196167,10.0600004196167,10.0600004196167,10.0600004196167,0
ACAMU,2019-09-17,10.0600004196167,10.0600004196167,10.0600004196167,10.0600004196167,10.0600004196167,200
ACAMU,2019-09-18,10.06999969482422,10.06999969482422,10.06999969482422,10.06999969482422,10.06999969482422,200
ACAMU,2019-09-19,10.06999969482422,10.100000381469728,10.06999969482422,10.100000381469728,10.100000381469728,7504
ACAMU,2019-09-20,10.09000015258789,10.09000015258789,10.09000015258789,10.09000015258789,10.09000015258789,200
ACAMU,2019-09-23,10.09000015258789,10.09000015258789,10.09000015258789,10.09000015258789,10.09000015258789,202
ACAMU,2019-09-24,10.09000015258789,10.09000015258789,10.09000015258789,10.09000015258789,10.09000015258789,0
ACAMU,2019-09-25,10.09000015258789,10.09000015258789,10.09000015258789,10.09000015258789,10.09000015258789,0
ACAMU,2019-09-26,10.06999969482422,10.06999969482422,10.0600004196167,10.06999969482422,10.06999969482422,3185
ACAMU,2019-09-27,10.06999969482422,10.06999969482422,10.06999969482422,10.06999969482422,10.06999969482422,0
ACAMU,2019-09-30,10.140000343322754,10.140000343322754,10.140000343322754,10.140000343322754,10.140000343322754,3000
ACAMU,2019-10-01,10.109999656677246,10.15999984741211,10.109999656677246,10.109999656677246,10.109999656677246,100500
ACAMU,2019-10-02,10.149999618530272,10.149999618530272,10.149999618530272,10.149999618530272,10.149999618530272,13980
ACAMU,2019-10-03,10.149999618530272,10.149999618530272,10.149999618530272,10.149999618530272,10.149999618530272,0
ACAMU,2019-10-04,10.149999618530272,10.149999618530272,10.149999618530272,10.149999618530272,10.149999618530272,6108
ACAMU,2019-10-07,10.149999618530272,10.149999618530272,10.149999618530272,10.149999618530272,10.149999618530272,0
ACAMU,2019-10-08,10.149999618530272,10.149999618530272,10.149999618530272,10.149999618530272,10.149999618530272,0
ACAMU,2019-10-09,10.149999618530272,10.149999618530272,10.149999618530272,10.149999618530272,10.149999618530272,0
ACAMU,2019-10-10,10.149999618530272,10.149999618530272,10.149999618530272,10.149999618530272,10.149999618530272,0
ACAMU,2019-10-11,10.140000343322754,10.149999618530272,10.130000114440918,10.130000114440918,10.130000114440918,4007
ACAMU,2019-10-14,10.130000114440918,10.130000114440918,10.130000114440918,10.130000114440918,10.130000114440918,0
ACAMU,2019-10-15,10.130000114440918,10.130000114440918,10.130000114440918,10.130000114440918,10.130000114440918,0
ACAMU,2019-10-16,10.130000114440918,10.130000114440918,10.130000114440918,10.130000114440918,10.130000114440918,0
ACAMU,2019-10-17,10.130000114440918,10.130000114440918,10.130000114440918,10.130000114440918,10.130000114440918,0
ACAMU,2019-10-18,10.130000114440918,10.130000114440918,10.130000114440918,10.130000114440918,10.130000114440918,0
ACAMU,2019-10-21,10.130000114440918,10.130000114440918,10.130000114440918,10.130000114440918,10.130000114440918,0
ACAMU,2019-10-22,10.130000114440918,10.130000114440918,10.130000114440918,10.130000114440918,10.130000114440918,0
ACAMU,2019-10-23,10.130000114440918,10.130000114440918,10.130000114440918,10.130000114440918,10.130000114440918,0
ACAMU,2019-10-24,10.100000381469728,10.119999885559082,10.100000381469728,10.119999885559082,10.119999885559082,1500
ACAMU,2019-10-25,10.119999885559082,10.119999885559082,10.119999885559082,10.119999885559082,10.119999885559082,0
ACAMU,2019-10-28,10.119999885559082,10.119999885559082,10.119999885559082,10.119999885559082,10.119999885559082,0
ACAMU,2019-10-29,10.119999885559082,10.119999885559082,10.119999885559082,10.119999885559082,10.119999885559082,0
ACAMU,2019-10-30,10.119999885559082,10.119999885559082,10.119999885559082,10.119999885559082,10.119999885559082,0
ACAMU,2019-10-31,10.170000076293944,10.170000076293944,10.170000076293944,10.170000076293944,10.170000076293944,2335
ACAMU,2019-11-01,10.170000076293944,10.170000076293944,10.170000076293944,10.170000076293944,10.170000076293944,0
ACAMU,2019-11-04,10.170000076293944,10.170000076293944,10.170000076293944,10.170000076293944,10.170000076293944,0
ACAMU,2019-11-05,10.170000076293944,10.170000076293944,10.170000076293944,10.170000076293944,10.170000076293944,0
ACAMU,2019-11-06,10.170000076293944,10.170000076293944,10.170000076293944,10.170000076293944,10.170000076293944,0
ACAMU,2019-11-07,10.170000076293944,10.170000076293944,10.170000076293944,10.170000076293944,10.170000076293944,0
ACAMU,2019-11-08,10.170000076293944,10.170000076293944,10.170000076293944,10.170000076293944,10.170000076293944,0
ACAMU,2019-11-11,10.18000030517578,10.18000030517578,10.18000030517578,10.18000030517578,10.18000030517578,1000
ACAMU,2019-11-12,10.18000030517578,10.18000030517578,10.18000030517578,10.18000030517578,10.18000030517578,0
ACAMU,2019-11-13,10.18000030517578,10.18000030517578,10.18000030517578,10.18000030517578,10.18000030517578,0
ACAMU,2019-11-14,10.18000030517578,10.18000030517578,10.18000030517578,10.18000030517578,10.18000030517578,0
ACAMU,2019-11-15,10.15149974822998,10.15149974822998,10.15149974822998,10.15149974822998,10.15149974822998,325
ACAMU,2019-11-18,10.100000381469728,10.18000030517578,10.100000381469728,10.18000030517578,10.18000030517578,624
ACAMU,2019-11-19,10.18000030517578,10.18000030517578,10.18000030517578,10.18000030517578,10.18000030517578,0
ACAMU,2019-11-20,10.18000030517578,10.18000030517578,10.18000030517578,10.18000030517578,10.18000030517578,0
ACAMU,2019-11-21,10.18000030517578,10.18000030517578,10.18000030517578,10.18000030517578,10.18000030517578,0
ACAMU,2019-11-22,10.079999923706056,10.18000030517578,10.079999923706056,10.18000030517578,10.18000030517578,364
ACAMU,2019-11-25,10.06999969482422,10.18000030517578,10.06999969482422,10.1496000289917,10.1496000289917,8512
ACAMU,2019-11-26,10.130000114440918,10.130000114440918,10.06999969482422,10.079999923706056,10.079999923706056,5680
ACAMU,2019-11-27,10.09000015258789,10.100000381469728,10.079999923706056,10.079999923706056,10.079999923706056,3028
ACAMU,2019-11-29,10.149999618530272,10.149999618530272,10.119000434875488,10.119000434875488,10.119000434875488,5900
ACAMU,2019-12-02,10.119999885559082,10.199999809265137,10.119999885559082,10.149999618530272,10.149999618530272,2200
ACAMU,2019-12-03,10.149999618530272,10.149999618530272,10.149999618530272,10.149999618530272,10.149999618530272,0
ACAMU,2019-12-04,10.149999618530272,10.149999618530272,10.149999618530272,10.149999618530272,10.149999618530272,0
ACAMU,2019-12-05,10.149999618530272,10.149999618530272,10.149999618530272,10.149999618530272,10.149999618530272,0
ACAMU,2019-12-06,10.130000114440918,10.130000114440918,10.100000381469728,10.130000114440918,10.130000114440918,1113
ACAMU,2019-12-09,10.130000114440918,10.130000114440918,10.130000114440918,10.130000114440918,10.130000114440918,0
ACAMU,2019-12-10,10.149999618530272,10.149999618530272,10.149999618530272,10.149999618530272,10.149999618530272,100
ACAMU,2019-12-11,10.149999618530272,10.149999618530272,10.149999618530272,10.149999618530272,10.149999618530272,0
ACAMU,2019-12-12,10.149999618530272,10.149999618530272,10.149999618530272,10.149999618530272,10.149999618530272,1000
ACAMU,2019-12-13,10.15999984741211,10.15999984741211,10.15999984741211,10.15999984741211,10.15999984741211,1000
ACAMU,2019-12-16,10.15999984741211,10.15999984741211,10.15999984741211,10.15999984741211,10.15999984741211,0
ACAMU,2019-12-17,10.18000030517578,10.199999809265137,10.18000030517578,10.199999809265137,10.199999809265137,158627
ACAMU,2019-12-18,10.1899995803833,10.1899995803833,10.1899995803833,10.1899995803833,10.1899995803833,1562
ACAMU,2019-12-19,10.197799682617188,10.220000267028809,10.197799682617188,10.220000267028809,10.220000267028809,1300
ACAMU,2019-12-20,10.220000267028809,10.220000267028809,10.220000267028809,10.220000267028809,10.220000267028809,0
ACAMU,2019-12-23,10.178899765014648,10.178899765014648,10.178899765014648,10.178899765014648,10.178899765014648,300
ACAMU,2019-12-24,10.178899765014648,10.178899765014648,10.178899765014648,10.178899765014648,10.178899765014648,0
ACAMU,2019-12-26,10.178899765014648,10.178899765014648,10.178899765014648,10.178899765014648,10.178899765014648,0
ACAMU,2019-12-27,10.178899765014648,10.178899765014648,10.178899765014648,10.178899765014648,10.178899765014648,0
ACAMU,2019-12-30,10.178899765014648,10.178899765014648,10.178899765014648,10.178899765014648,10.178899765014648,0
ACAMU,2019-12-31,10.178899765014648,10.178899765014648,10.178899765014648,10.178899765014648,10.178899765014648,0
ACAMU,2020-01-02,10.178899765014648,10.178899765014648,10.178899765014648,10.178899765014648,10.178899765014648,0
ACAMU,2020-01-03,10.178899765014648,10.178899765014648,10.178899765014648,10.178899765014648,10.178899765014648,0
ACAMU,2020-01-06,10.178899765014648,10.178899765014648,10.178899765014648,10.178899765014648,10.178899765014648,0
ACAMU,2020-01-07,10.239999771118164,10.239999771118164,10.239999771118164,10.239999771118164,10.239999771118164,200
ACAMU,2020-01-08,10.229999542236328,10.229999542236328,10.210000038146973,10.210000038146973,10.210000038146973,1850
ACAMU,2020-01-09,10.244999885559082,10.25,10.244999885559082,10.25,10.25,5201
ACAMU,2020-01-10,10.25,10.25,10.25,10.25,10.25,0
ACAMU,2020-01-13,10.25,10.25,10.25,10.25,10.25,0
ACAMU,2020-01-14,10.25,10.25,10.25,10.25,10.25,0
ACAMU,2020-01-15,10.25,10.25,10.25,10.25,10.25,0
ACAMU,2020-01-16,10.25,10.25,10.25,10.25,10.25,0
ACAMU,2020-01-17,10.31999969482422,10.31999969482422,10.31999969482422,10.31999969482422,10.31999969482422,310
ACAMU,2020-01-21,10.350000381469728,10.399999618530272,10.34000015258789,10.399999618530272,10.399999618530272,10878
ACAMU,2020-01-22,10.399999618530272,10.399999618530272,10.399999618530272,10.399999618530272,10.399999618530272,0
ACAMU,2020-01-23,10.399999618530272,10.399999618530272,10.399999618530272,10.399999618530272,10.399999618530272,0
ACAMU,2020-01-24,10.4399995803833,10.4399995803833,10.4399995803833,10.4399995803833,10.4399995803833,310
ACAMU,2020-01-27,10.4399995803833,10.4399995803833,10.4399995803833,10.4399995803833,10.4399995803833,0
ACAMU,2020-01-28,10.4399995803833,10.4399995803833,10.4399995803833,10.4399995803833,10.4399995803833,0
ACAMU,2020-01-29,10.4399995803833,10.4399995803833,10.4399995803833,10.4399995803833,10.4399995803833,0
ACAMU,2020-01-30,10.4399995803833,10.4399995803833,10.4399995803833,10.4399995803833,10.4399995803833,0
ACAMU,2020-01-31,10.420000076293944,10.4399995803833,10.420000076293944,10.4399995803833,10.4399995803833,98684
ACAMU,2020-02-03,10.4399995803833,10.449999809265137,10.43000030517578,10.449999809265137,10.449999809265137,2900
ACAMU,2020-02-04,10.449999809265137,10.449999809265137,10.270000457763672,10.270000457763672,10.270000457763672,3204
ACAMU,2020-02-05,10.270000457763672,10.270000457763672,10.270000457763672,10.270000457763672,10.270000457763672,0
ACAMU,2020-02-06,10.75,11.0,10.329999923706056,10.329999923706056,10.329999923706056,5134
ACAMU,2020-02-07,10.329999923706056,10.329999923706056,10.329999923706056,10.329999923706056,10.329999923706056,0
ACAMU,2020-02-10,10.329999923706056,10.345000267028809,10.329999923706056,10.345000267028809,10.345000267028809,1929
ACAMU,2020-02-11,10.345000267028809,10.345000267028809,10.345000267028809,10.345000267028809,10.345000267028809,0
ACAMU,2020-02-12,10.399999618530272,10.399999618530272,10.399999618530272,10.399999618530272,10.399999618530272,200
ACAMU,2020-02-13,10.399999618530272,10.399999618530272,10.399999618530272,10.399999618530272,10.399999618530272,201
ACAMU,2020-02-14,10.399999618530272,10.399999618530272,10.399999618530272,10.399999618530272,10.399999618530272,0
ACAMU,2020-02-18,10.399999618530272,10.75,10.390000343322754,10.75,10.75,1158
ACAMU,2020-02-19,10.739999771118164,10.739999771118164,10.31999969482422,10.31999969482422,10.31999969482422,700
ACAMU,2020-02-20,10.31999969482422,10.31999969482422,10.31999969482422,10.31999969482422,10.31999969482422,100
ACAMU,2020-02-21,10.31999969482422,10.31999969482422,10.31999969482422,10.31999969482422,10.31999969482422,0
ACAMU,2020-02-24,10.31999969482422,10.31999969482422,10.31999969482422,10.31999969482422,10.31999969482422,100
ACAMU,2020-02-25,10.31999969482422,10.31999969482422,10.31999969482422,10.31999969482422,10.31999969482422,0
ACAMU,2020-02-26,10.31999969482422,10.31999969482422,10.31999969482422,10.31999969482422,10.31999969482422,0
ACAMU,2020-02-27,10.31999969482422,10.31999969482422,10.31999969482422,10.31999969482422,10.31999969482422,0
ACAMU,2020-02-28,10.34000015258789,10.34000015258789,10.34000015258789,10.34000015258789,10.34000015258789,522
ACAMU,2020-03-02,10.34000015258789,10.34000015258789,10.34000015258789,10.34000015258789,10.34000015258789,0
ACAMU,2020-03-03,10.34000015258789,10.34000015258789,10.34000015258789,10.34000015258789,10.34000015258789,0
ACAMU,2020-03-04,10.34000015258789,10.34000015258789,10.34000015258789,10.34000015258789,10.34000015258789,0
ACAMU,2020-03-05,10.34000015258789,10.34000015258789,10.34000015258789,10.34000015258789,10.34000015258789,0
ACAMU,2020-03-06,10.34000015258789,10.34000015258789,10.34000015258789,10.34000015258789,10.34000015258789,0
ACAMU,2020-03-09,10.34000015258789,10.34000015258789,10.34000015258789,10.34000015258789,10.34000015258789,0
ACAMU,2020-03-10,10.34000015258789,10.34000015258789,10.34000015258789,10.34000015258789,10.34000015258789,0
ACAMU,2020-03-11,10.34000015258789,10.34000015258789,10.34000015258789,10.34000015258789,10.34000015258789,0
ACAMU,2020-03-12,10.25,10.25,10.25,10.25,10.25,660
ACAMU,2020-03-13,10.25,10.25,10.25,10.25,10.25,0
ACAMU,2020-03-16,10.25,10.25,10.25,10.25,10.25,0
ACAMU,2020-03-17,9.800000190734863,10.020000457763672,9.800000190734863,10.010000228881836,10.010000228881836,206000
ACAMU,2020-03-18,9.829999923706056,9.829999923706056,9.800000190734863,9.800000190734863,9.800000190734863,1999
ACAMU,2020-03-19,9.800000190734863,9.800000190734863,9.800000190734863,9.800000190734863,9.800000190734863,0
ACAMU,2020-03-20,9.699999809265137,9.850000381469728,9.699999809265137,9.699999809265137,9.699999809265137,103302
ACAMU,2020-03-23,9.800000190734863,9.800000190734863,9.800000190734863,9.800000190734863,9.800000190734863,18517
ACAMU,2020-03-24,9.65999984741211,9.65999984741211,9.65999984741211,9.65999984741211,9.65999984741211,240
ACAMU,2020-03-25,9.65999984741211,9.65999984741211,9.65999984741211,9.65999984741211,9.65999984741211,0
ACAMU,2020-03-26,9.65999984741211,9.65999984741211,9.65999984741211,9.65999984741211,9.65999984741211,0
ACAMU,2020-03-27,9.979999542236328,9.979999542236328,9.899999618530272,9.899999618530272,9.899999618530272,776
ACAMU,2020-03-30,9.899999618530272,9.899999618530272,9.899999618530272,9.899999618530272,9.899999618530272,0
ACAMU,2020-03-31,9.899999618530272,9.899999618530272,9.899999618530272,9.899999618530272,9.899999618530272,0
ACAMU,2020-04-01,9.899999618530272,9.899999618530272,9.899999618530272,9.899999618530272,9.899999618530272,3000
