ACGLO,2017-08-21,24.886999130249023,25.049999237060547,24.799999237060547,24.989999771118164,21.59142303466797,174800
ACGLO,2017-08-22,25.0,25.040000915527344,24.950000762939453,24.979999542236328,21.582782745361328,256100
ACGLO,2017-08-23,25.01000022888184,25.08099937438965,24.96999931335449,25.06999969482422,21.66054344177246,119100
ACGLO,2017-08-24,25.030000686645508,25.100000381469727,25.01000022888184,25.020000457763672,21.617341995239254,175600
ACGLO,2017-08-25,25.059999465942383,25.06999969482422,25.01000022888184,25.049999237060547,21.64326286315918,83000
ACGLO,2017-08-28,25.049999237060547,25.07999992370605,24.96999931335449,25.07999992370605,21.6691837310791,123700
ACGLO,2017-08-29,25.040000915527344,25.270000457763672,25.020000457763672,25.1200008392334,21.703744888305664,196900
ACGLO,2017-08-30,25.18000030517578,25.200000762939453,25.1200008392334,25.190000534057617,21.76422691345215,134900
ACGLO,2017-08-31,25.280000686645508,25.32999992370605,25.18000030517578,25.299999237060547,21.85926628112793,119600
ACGLO,2017-09-01,25.200000762939453,25.290000915527344,25.200000762939453,25.209999084472656,21.7815055847168,41800
ACGLO,2017-09-05,25.149999618530277,25.26000022888184,25.149999618530277,25.239999771118164,21.80742645263672,308400
ACGLO,2017-09-06,25.149999618530277,25.239999771118164,25.149999618530277,25.229999542236328,21.79878616333008,141800
ACGLO,2017-09-07,25.25,25.299999237060547,25.07999992370605,25.15999984741211,21.738306045532227,184100
ACGLO,2017-09-08,25.200000762939453,25.200000762939453,25.06999969482422,25.100000381469727,21.68646240234375,146000
ACGLO,2017-09-11,25.18000030517578,25.270000457763672,25.13999938964844,25.25,21.81606674194336,54400
ACGLO,2017-09-12,25.270000457763672,25.5,25.200000762939453,25.489999771118164,22.023426055908203,110300
ACGLO,2017-09-13,25.468000411987305,25.479999542236328,25.350000381469727,25.440000534057617,21.980226516723636,60700
ACGLO,2017-09-14,25.3700008392334,25.450000762939453,25.1299991607666,25.13999938964844,21.721025466918945,192500
ACGLO,2017-09-15,25.15999984741211,25.200000762939453,25.1200008392334,25.13999938964844,21.721025466918945,68600
ACGLO,2017-09-18,25.200000762939453,25.229999542236328,25.06999969482422,25.190000534057617,21.76422691345215,199300
ACGLO,2017-09-19,25.190000534057617,25.21299934387207,25.11000061035156,25.13999938964844,21.721025466918945,59600
ACGLO,2017-09-20,25.18000030517578,25.209999084472656,25.13999938964844,25.170000076293945,21.746944427490234,51800
ACGLO,2017-09-21,25.170000076293945,25.25,25.13999938964844,25.149999618530277,21.729663848876957,154700
ACGLO,2017-09-22,25.100000381469727,25.149999618530277,25.07999992370605,25.1299991607666,21.712385177612305,84200
ACGLO,2017-09-25,25.16200065612793,25.170000076293945,25.06999969482422,25.100000381469727,21.68646240234375,65700
ACGLO,2017-09-26,25.100000381469727,25.100000381469727,25.030000686645508,25.100000381469727,21.68646240234375,105200
ACGLO,2017-09-27,25.07999992370605,25.100000381469727,24.979999542236328,25.100000381469727,21.68646240234375,92800
ACGLO,2017-09-28,25.100000381469727,25.170000076293945,25.07999992370605,25.149999618530277,21.729663848876957,49400
ACGLO,2017-09-29,25.15999984741211,25.190000534057617,25.100000381469727,25.190000534057617,21.76422691345215,44800
ACGLO,2017-10-02,25.200000762939453,25.290000915527344,25.190000534057617,25.209999084472656,21.7815055847168,67600
ACGLO,2017-10-03,25.25,25.302000045776367,25.229999542236328,25.280000686645508,21.84198760986328,38600
ACGLO,2017-10-04,25.299999237060547,25.31999969482422,25.23200035095215,25.31999969482422,21.876544952392575,42900
ACGLO,2017-10-05,25.32999992370605,25.38999938964844,25.31999969482422,25.3700008392334,21.91974639892578,70100
ACGLO,2017-10-06,25.34000015258789,25.3799991607666,25.170000076293945,25.290000915527344,21.85062599182129,64900
ACGLO,2017-10-09,25.31999969482422,25.350000381469727,25.06999969482422,25.07999992370605,21.6691837310791,230700
ACGLO,2017-10-10,25.100000381469727,25.170000076293945,25.07999992370605,25.07999992370605,21.6691837310791,146500
ACGLO,2017-10-11,25.13999938964844,25.200000762939453,25.1200008392334,25.170000076293945,21.746944427490234,90200
ACGLO,2017-10-12,25.200000762939453,25.299999237060547,25.200000762939453,25.25,21.81606674194336,306500
ACGLO,2017-10-13,25.280000686645508,25.315000534057617,25.270000457763672,25.299999237060547,21.85926628112793,63100
ACGLO,2017-10-16,25.288000106811523,25.350000381469727,25.21999931335449,25.309999465942383,21.86790657043457,108200
ACGLO,2017-10-17,25.31999969482422,25.350000381469727,25.299999237060547,25.350000381469727,21.9024658203125,60200
ACGLO,2017-10-18,25.350000381469727,25.350000381469727,25.239999771118164,25.299999237060547,21.85926628112793,250000
ACGLO,2017-10-19,25.350000381469727,25.3799991607666,25.299999237060547,25.34000015258789,21.89382553100586,71200
ACGLO,2017-10-20,25.34000015258789,25.34000015258789,25.15999984741211,25.26000022888184,21.824708938598636,787000
ACGLO,2017-10-23,25.270000457763672,25.270000457763672,25.190000534057617,25.25,21.81606674194336,45700
ACGLO,2017-10-24,25.25,25.34000015258789,25.209999084472656,25.32999992370605,21.88518524169922,82200
ACGLO,2017-10-25,25.299999237060547,25.299999237060547,25.18000030517578,25.229999542236328,21.79878616333008,69600
ACGLO,2017-10-26,25.270000457763672,25.270000457763672,25.200000762939453,25.200000762939453,21.77286720275879,44900
ACGLO,2017-10-27,25.239999771118164,25.280000686645508,25.149999618530277,25.280000686645508,21.84198760986328,39900
ACGLO,2017-10-30,25.18000030517578,25.280000686645508,25.18000030517578,25.26000022888184,21.824708938598636,20300
ACGLO,2017-10-31,25.290000915527344,25.34000015258789,25.229999542236328,25.34000015258789,21.89382553100586,37200
ACGLO,2017-11-01,25.350000381469727,25.350000381469727,25.25,25.299999237060547,21.85926628112793,71200
ACGLO,2017-11-02,25.299999237060547,25.36000061035156,25.299999237060547,25.32999992370605,21.88518524169922,19300
ACGLO,2017-11-03,25.32999992370605,25.34000015258789,25.309999465942383,25.31999969482422,21.876544952392575,24700
ACGLO,2017-11-06,25.350000381469727,25.3799991607666,25.299999237060547,25.31999969482422,21.876544952392575,23600
ACGLO,2017-11-07,25.350000381469727,25.350000381469727,25.270000457763672,25.34000015258789,21.89382553100586,44100
ACGLO,2017-11-08,25.3700008392334,25.38999938964844,25.270999908447266,25.309999465942383,21.86790657043457,26900
ACGLO,2017-11-09,25.38999938964844,25.420000076293945,25.270000457763672,25.31999969482422,21.876544952392575,14700
ACGLO,2017-11-10,25.3799991607666,25.3799991607666,25.229999542236328,25.26000022888184,21.824708938598636,17900
ACGLO,2017-11-13,25.299999237060547,25.299999237060547,25.21999931335449,25.280000686645508,21.84198760986328,22000
ACGLO,2017-11-14,25.3700008392334,25.3700008392334,25.239999771118164,25.299999237060547,21.85926628112793,19300
ACGLO,2017-11-15,25.350000381469727,25.350000381469727,25.23600006103516,25.280000686645508,21.84198760986328,38300
ACGLO,2017-11-16,25.280000686645508,25.350000381469727,25.25,25.32999992370605,21.88518524169922,31000
ACGLO,2017-11-17,25.34000015258789,25.459999084472656,25.31999969482422,25.459999084472656,21.99750518798828,23500
ACGLO,2017-11-20,25.459999084472656,25.559999465942383,25.420000076293945,25.520000457763672,22.04934310913086,64200
ACGLO,2017-11-21,25.5,25.59000015258789,25.38999938964844,25.420000076293945,21.962947845458984,33000
ACGLO,2017-11-22,25.5,25.540000915527344,25.450000762939453,25.5,22.03206443786621,16900
ACGLO,2017-11-24,25.50200080871582,25.59000015258789,25.45199966430664,25.57999992370605,22.101184844970703,5900
ACGLO,2017-11-27,25.59000015258789,25.59000015258789,25.450000762939453,25.46999931335449,22.00614356994629,35700
ACGLO,2017-11-28,25.5,25.600000381469727,25.420000076293945,25.489999771118164,22.023426055908203,33600
ACGLO,2017-11-29,25.5,25.690000534057617,25.399999618530277,25.68000030517578,22.18758773803711,56300
ACGLO,2017-11-30,25.989999771118164,25.989999771118164,25.540000915527344,25.670000076293945,22.17894554138184,60200
ACGLO,2017-12-01,25.700000762939453,25.75,25.459999084472656,25.530000686645508,22.057985305786133,51300
ACGLO,2017-12-04,25.549999237060547,25.729999542236328,25.540000915527344,25.63999938964844,22.15302276611328,282000
ACGLO,2017-12-05,25.81999969482422,25.81999969482422,25.559999465942383,25.649999618530277,22.161666870117188,48000
ACGLO,2017-12-06,25.670000076293945,25.75,25.56999969482422,25.600000381469727,22.118465423583984,53800
ACGLO,2017-12-07,25.63999938964844,25.739999771118164,25.549999237060547,25.729999542236328,22.23078346252441,702600
ACGLO,2017-12-08,25.729999542236328,25.88999938964844,25.68000030517578,25.799999237060547,22.291263580322266,44600
ACGLO,2017-12-11,25.799999237060547,25.84000015258789,25.56999969482422,25.600000381469727,22.118465423583984,42100
ACGLO,2017-12-12,25.649999618530277,25.673999786376957,25.56999969482422,25.600000381469727,22.118465423583984,110500
ACGLO,2017-12-13,25.65999984741211,25.65999984741211,25.450000762939453,25.6200008392334,22.135746002197266,60500
ACGLO,2017-12-14,25.799999237060547,25.799999237060547,25.23200035095215,25.350000381469727,22.34465217590332,19900
ACGLO,2017-12-15,25.350000381469727,25.36000061035156,25.31999969482422,25.31999969482422,22.318204879760746,41900
ACGLO,2017-12-18,25.440000534057617,25.440000534057617,25.25200080871582,25.32999992370605,22.32701873779297,127700
ACGLO,2017-12-19,25.399999618530277,25.399999618530277,25.25,25.32999992370605,22.32701873779297,78000
ACGLO,2017-12-20,25.299999237060547,25.350000381469727,25.21999931335449,25.21999931335449,22.230060577392575,49000
ACGLO,2017-12-21,25.280000686645508,25.280000686645508,25.15999984741211,25.170000076293945,22.18598747253418,62400
ACGLO,2017-12-22,25.170000076293945,25.25,25.145000457763672,25.18000030517578,22.19480323791504,104500
ACGLO,2017-12-26,25.200000762939453,25.26000022888184,25.190000534057617,25.209999084472656,22.22124671936035,92800
ACGLO,2017-12-27,25.25,25.420000076293945,25.21699905395508,25.39800071716309,22.38695907592773,53200
ACGLO,2017-12-28,25.420000076293945,25.559999465942383,25.36000061035156,25.40999984741211,22.39753532409668,103100
ACGLO,2017-12-29,25.549999237060547,25.652999877929688,25.34000015258789,25.34000015258789,22.33583641052246,176900
ACGLO,2018-01-02,25.459999084472656,25.459999084472656,25.059999465942383,25.09000015258789,22.11547088623047,74300
ACGLO,2018-01-03,25.149999618530277,25.149999618530277,24.920000076293945,25.040000915527344,22.071399688720703,144900
ACGLO,2018-01-04,25.049999237060547,25.23900032043457,25.04700088500977,25.149999618530277,22.168357849121094,48600
ACGLO,2018-01-05,25.21999931335449,25.21999931335449,25.059999465942383,25.07999992370605,22.106658935546875,38400
ACGLO,2018-01-08,25.100000381469727,25.440000534057617,25.100000381469727,25.3799991607666,22.371091842651367,137800
ACGLO,2018-01-09,25.450000762939453,25.450000762939453,25.1200008392334,25.31999969482422,22.318204879760746,118800
ACGLO,2018-01-10,25.3799991607666,25.450000762939453,25.17200088500977,25.450000762939453,22.432796478271484,70400
ACGLO,2018-01-11,25.43000030517578,25.51000022888184,25.15999984741211,25.51000022888184,22.48567771911621,56700
ACGLO,2018-01-12,25.5,25.549999237060547,25.40999984741211,25.549999237060547,22.520936965942383,57000
ACGLO,2018-01-16,25.540000915527344,25.540000915527344,25.32999992370605,25.489999771118164,22.46805191040039,70300
ACGLO,2018-01-17,25.5,25.520000457763672,25.3700008392334,25.5,22.476865768432617,72000
ACGLO,2018-01-18,25.459999084472656,25.46500015258789,25.229999542236328,25.440000534057617,22.423978805541992,69000
ACGLO,2018-01-19,25.399999618530277,25.82999992370605,25.270000457763672,25.780000686645508,22.723670959472656,833300
ACGLO,2018-01-22,25.709999084472656,25.709999084472656,25.520000457763672,25.649999618530277,22.609079360961918,72100
ACGLO,2018-01-23,25.700000762939453,25.700000762939453,25.5,25.63999938964844,22.600265502929688,38100
ACGLO,2018-01-24,25.600000381469727,25.600000381469727,25.32999992370605,25.34499931335449,22.340238571166992,62100
ACGLO,2018-01-25,25.520000457763672,25.520000457763672,25.19099998474121,25.31999969482422,22.318204879760746,34400
ACGLO,2018-01-26,25.299999237060547,25.600000381469727,25.200000762939453,25.209999084472656,22.22124671936035,56200
ACGLO,2018-01-29,25.149999618530277,25.21999931335449,24.715999603271484,24.71999931335449,21.789337158203125,245200
ACGLO,2018-01-30,24.899999618530277,24.93000030517578,24.200000762939453,24.200000762939453,21.33098793029785,155300
ACGLO,2018-01-31,24.40999984741211,24.600000381469727,24.309999465942383,24.43000030517578,21.53372001647949,76300
ACGLO,2018-02-01,24.40999984741211,24.6200008392334,24.34000015258789,24.38999938964844,21.49846076965332,45700
ACGLO,2018-02-02,24.3799991607666,24.3799991607666,24.030000686645508,24.059999465942383,21.20758438110352,85600
ACGLO,2018-02-05,23.920000076293945,24.11000061035156,23.75,23.770000457763672,20.951963424682617,69700
ACGLO,2018-02-06,23.670000076293945,24.1299991607666,23.670000076293945,24.030000686645508,21.181140899658203,135000
ACGLO,2018-02-07,24.18000030517578,24.18000030517578,24.020000457763672,24.11000061035156,21.251657485961918,71000
ACGLO,2018-02-08,24.11000061035156,24.170000076293945,23.924999237060547,23.979999542236328,21.13706970214844,32000
ACGLO,2018-02-09,24.0,24.1299991607666,23.68000030517578,24.059999465942383,21.20758438110352,54600
ACGLO,2018-02-12,24.200000762939453,24.229999542236328,24.020000457763672,24.18000030517578,21.313356399536133,58800
ACGLO,2018-02-13,24.40999984741211,24.40999984741211,24.020000457763672,24.020000457763672,21.172327041625977,19400
ACGLO,2018-02-14,24.270000457763672,24.270000457763672,23.81999969482422,23.82999992370605,21.00485038757324,28300
ACGLO,2018-02-15,23.82999992370605,23.947999954223636,23.700000762939453,23.770000457763672,20.951963424682617,54200
ACGLO,2018-02-16,23.86000061035156,23.90999984741211,23.75,23.809999465942383,20.98722076416016,20400
ACGLO,2018-02-20,23.8700008392334,23.979999542236328,23.75,23.979999542236328,21.13706970214844,111000
ACGLO,2018-02-21,24.020000457763672,24.1200008392334,23.979999542236328,23.979999542236328,21.13706970214844,74700
ACGLO,2018-02-22,24.07999992370605,24.1299991607666,23.96999931335449,23.96999931335449,21.12825584411621,44800
ACGLO,2018-02-23,24.049999237060547,24.315000534057617,24.049999237060547,24.26000022888184,21.38387107849121,25100
ACGLO,2018-02-26,24.36000061035156,24.40999984741211,23.96999931335449,23.96999931335449,21.12825584411621,77800
ACGLO,2018-02-27,24.059999465942383,24.18000030517578,23.940000534057617,24.1299991607666,21.269285202026367,47900
ACGLO,2018-02-28,24.030000686645508,24.190000534057617,24.020000457763672,24.190000534057617,21.322172164916992,42300
ACGLO,2018-03-01,24.270000457763672,24.31999969482422,24.190000534057617,24.209999084472656,21.33979797363281,75400
ACGLO,2018-03-02,24.25,24.459999084472656,24.21999931335449,24.459999084472656,21.56015968322754,141000
ACGLO,2018-03-05,24.440000534057617,24.56999969482422,24.34600067138672,24.56999969482422,21.65711975097656,46200
ACGLO,2018-03-06,24.6200008392334,24.739999771118164,24.600000381469727,24.65999984741211,21.7364501953125,28000
ACGLO,2018-03-07,24.71999931335449,24.78700065612793,24.65999984741211,24.709999084472656,21.7805233001709,18700
ACGLO,2018-03-08,24.709999084472656,24.84000015258789,24.709999084472656,24.84000015258789,21.89511108398437,49700
ACGLO,2018-03-09,24.850000381469727,25.030000686645508,24.809999465942383,24.809999465942383,21.86866950988769,16900
ACGLO,2018-03-12,24.809999465942383,24.94499969482422,24.75,24.850000381469727,21.903928756713867,28400
ACGLO,2018-03-13,24.940000534057617,24.940000534057617,24.739999771118164,24.770000457763672,21.83340835571289,42200
ACGLO,2018-03-14,24.530000686645508,24.71999931335449,24.530000686645508,24.6200008392334,22.00411796569824,55300
ACGLO,2018-03-15,24.61000061035156,24.6200008392334,24.479999542236328,24.549999237060547,21.941553115844727,42000
ACGLO,2018-03-16,24.549999237060547,24.68000030517578,24.520000457763672,24.68000030517578,22.057741165161133,32600
ACGLO,2018-03-19,24.65999984741211,24.70499992370605,24.479999542236328,24.549999237060547,21.941553115844727,99500
ACGLO,2018-03-20,24.63999938964844,24.63999938964844,24.51000022888184,24.549999237060547,21.941553115844727,46600
ACGLO,2018-03-21,24.649999618530277,24.649999618530277,24.40999984741211,24.540000915527344,21.932619094848636,30200
ACGLO,2018-03-22,24.549999237060547,24.554000854492188,24.420000076293945,24.420000076293945,21.825366973876957,37100
ACGLO,2018-03-23,24.450000762939453,24.479999542236328,24.388999938964844,24.40999984741211,21.81642723083496,23700
ACGLO,2018-03-26,24.479999542236328,24.479999542236328,24.299999237060547,24.299999237060547,21.71811294555664,23800
ACGLO,2018-03-27,24.440000534057617,24.440000534057617,24.299999237060547,24.309999465942383,21.727052688598636,19400
ACGLO,2018-03-28,24.32999992370605,24.40999984741211,24.270000457763672,24.399999618530277,21.807491302490234,16600
ACGLO,2018-03-29,24.43000030517578,24.540000915527344,24.375,24.540000915527344,21.932619094848636,17200
ACGLO,2018-04-02,24.540000915527344,24.540000915527344,24.20800018310547,24.25,21.673429489135746,21000
ACGLO,2018-04-03,24.440000534057617,24.440000534057617,24.170000076293945,24.290000915527344,21.70917510986328,44100
ACGLO,2018-04-04,24.299999237060547,24.3700008392334,24.21199989318848,24.3700008392334,21.78067970275879,17200
ACGLO,2018-04-05,24.290000915527344,24.40999984741211,24.270000457763672,24.36000061035156,21.77174186706543,18200
ACGLO,2018-04-06,24.36000061035156,24.36000061035156,24.18000030517578,24.350000381469727,21.762805938720703,16000
ACGLO,2018-04-09,24.32999992370605,24.32999992370605,24.11000061035156,24.200000762939453,21.628740310668945,22600
ACGLO,2018-04-10,24.229999542236328,24.26000022888184,24.059999465942383,24.06999969482422,21.51255416870117,27400
ACGLO,2018-04-11,24.1299991607666,24.36000061035156,24.11100006103516,24.36000061035156,21.77174186706543,31600
ACGLO,2018-04-12,24.36000061035156,24.46999931335449,24.13500022888184,24.46999931335449,21.87005043029785,25700
ACGLO,2018-04-13,24.5,24.56999969482422,24.149999618530277,24.350000381469727,21.762805938720703,22100
ACGLO,2018-04-16,24.46999931335449,24.46999931335449,24.280000686645508,24.36000061035156,21.77174186706543,14600
ACGLO,2018-04-17,24.459999084472656,24.46999931335449,24.36199951171875,24.46999931335449,21.87005043029785,21200
ACGLO,2018-04-18,24.46999931335449,24.46999931335449,24.15999984741211,24.309999465942383,21.727052688598636,35400
ACGLO,2018-04-19,24.25,24.267000198364254,24.149999618530277,24.200000762939453,21.628740310668945,22100
ACGLO,2018-04-20,24.28499984741211,24.36000061035156,24.229999542236328,24.36000061035156,21.77174186706543,22100
ACGLO,2018-04-23,24.350000381469727,24.371999740600582,24.020000457763672,24.209999084472656,21.637676239013672,27800
ACGLO,2018-04-24,24.270000457763672,24.270000457763672,24.01000022888184,24.190000534057617,21.61980438232422,24100
ACGLO,2018-04-25,24.07999992370605,24.09000015258789,23.78499984741211,23.950000762939453,21.405303955078125,18900
ACGLO,2018-04-26,24.190000534057617,24.190000534057617,23.834999084472656,24.030000686645508,21.47680282592773,32600
ACGLO,2018-04-27,24.040000915527344,24.089000701904297,23.832000732421875,23.899999618530277,21.36061668395996,11800
ACGLO,2018-04-30,24.07999992370605,24.1299991607666,23.920000076293945,24.1299991607666,21.566177368164062,9800
ACGLO,2018-05-01,24.1299991607666,24.13999938964844,23.992000579833984,24.06999969482422,21.51255416870117,11400
ACGLO,2018-05-02,24.290000915527344,24.290000915527344,24.01000022888184,24.030000686645508,21.47680282592773,16300
ACGLO,2018-05-03,24.1200008392334,24.191999435424805,23.85099983215332,23.96999931335449,21.423179626464844,15100
ACGLO,2018-05-04,24.059999465942383,24.170000076293945,24.040000915527344,24.07999992370605,21.521493911743164,17400
ACGLO,2018-05-07,24.100000381469727,24.149999618530277,24.0,24.1200008392334,21.55724334716797,25700
ACGLO,2018-05-08,24.1200008392334,24.165000915527344,23.93000030517578,24.11000061035156,21.548303604125977,37000
ACGLO,2018-05-09,24.020000457763672,24.152000427246094,24.0,24.100000381469727,21.53936767578125,10500
ACGLO,2018-05-10,24.040000915527344,24.152999877929688,23.96500015258789,24.049999237060547,21.49467658996582,27900
ACGLO,2018-05-11,24.049999237060547,24.299999237060547,23.96999931335449,24.299999237060547,21.71811294555664,24700
ACGLO,2018-05-14,24.21999931335449,24.29400062561035,24.131000518798828,24.16200065612793,21.59477996826172,12200
ACGLO,2018-05-15,24.239999771118164,24.239999771118164,23.972999572753903,24.149999618530277,21.58405303955078,21900
ACGLO,2018-05-16,24.1200008392334,24.18000030517578,23.940000534057617,24.06999969482422,21.51255416870117,30400
ACGLO,2018-05-17,24.15999984741211,24.15999984741211,24.01000022888184,24.01000022888184,21.45893096923828,15300
ACGLO,2018-05-18,24.01000022888184,24.100000381469727,23.90999984741211,23.950000762939453,21.405303955078125,34500
ACGLO,2018-05-21,24.0,24.040000915527344,23.950000762939453,23.979999542236328,21.43211936950684,27100
ACGLO,2018-05-22,24.020000457763672,24.020000457763672,23.920000076293945,24.0,21.44999313354492,17600
ACGLO,2018-05-23,24.01000022888184,24.01000022888184,23.920000076293945,23.940000534057617,21.3963680267334,14700
ACGLO,2018-05-24,23.940000534057617,24.125,23.937000274658203,24.040000915527344,21.485740661621094,41400
ACGLO,2018-05-25,24.11000061035156,24.229999542236328,24.07999992370605,24.100000381469727,21.53936767578125,10200
ACGLO,2018-05-29,24.239999771118164,24.239999771118164,24.040000915527344,24.040000915527344,21.485740661621094,27600
ACGLO,2018-05-30,24.100000381469727,24.239999771118164,24.042999267578125,24.229999542236328,21.65555191040039,43800
ACGLO,2018-05-31,24.239999771118164,24.31999969482422,24.11000061035156,24.31999969482422,21.735990524291992,36600
ACGLO,2018-06-01,24.36000061035156,24.6200008392334,24.26000022888184,24.6200008392334,22.00411796569824,60200
ACGLO,2018-06-04,24.61000061035156,24.729999542236328,24.542999267578125,24.6200008392334,22.00411796569824,157100
ACGLO,2018-06-05,24.68000030517578,24.88999938964844,24.68000030517578,24.88999938964844,22.24542808532715,42200
ACGLO,2018-06-06,24.8799991607666,24.989999771118164,24.850000381469727,24.940000534057617,22.290117263793945,47200
ACGLO,2018-06-07,24.88999938964844,24.899999618530277,24.701000213623047,24.88999938964844,22.24542808532715,27700
ACGLO,2018-06-08,24.950000762939453,24.950000762939453,24.739999771118164,24.799999237060547,22.16499137878418,89500
ACGLO,2018-06-11,24.84000015258789,24.90999984741211,24.75,24.76000022888184,22.12924194335937,18600
ACGLO,2018-06-12,24.850000381469727,24.850000381469727,24.71999931335449,24.71999931335449,22.09349250793457,20400
ACGLO,2018-06-13,24.86000061035156,24.86000061035156,24.6200008392334,24.700000762939453,22.07561683654785,28000
ACGLO,2018-06-14,24.43000030517578,24.43000030517578,24.26000022888184,24.26000022888184,21.98589515686035,51700
ACGLO,2018-06-15,24.34000015258789,24.3799991607666,24.2810001373291,24.3700008392334,22.08558464050293,16300
ACGLO,2018-06-18,24.3700008392334,24.420000076293945,24.34000015258789,24.3799991607666,22.09464836120605,27100
ACGLO,2018-06-19,24.559999465942383,24.6299991607666,24.5,24.51000022888184,22.21246337890625,102000
ACGLO,2018-06-20,24.6200008392334,24.6200008392334,24.25,24.280000686645508,22.0040225982666,72900
ACGLO,2018-06-21,24.32999992370605,24.424999237060547,24.31999969482422,24.31999969482422,22.040271759033203,27500
ACGLO,2018-06-22,24.42300033569336,24.440000534057617,24.350000381469727,24.43000030517578,22.13996124267578,15600
ACGLO,2018-06-25,24.459999084472656,24.459999084472656,24.350000381469727,24.36000061035156,22.076520919799805,15700
ACGLO,2018-06-26,24.440000534057617,24.440000534057617,24.36000061035156,24.399999618530277,22.11277198791504,21400
ACGLO,2018-06-27,24.420000076293945,24.489999771118164,24.40999984741211,24.459999084472656,22.167146682739254,10500
ACGLO,2018-06-28,24.479999542236328,24.479999542236328,24.420000076293945,24.46999931335449,22.176210403442383,8000
ACGLO,2018-06-29,24.479999542236328,24.6200008392334,24.40999984741211,24.40999984741211,22.12183380126953,21400
ACGLO,2018-07-02,24.540000915527344,24.700000762939453,24.53899955749512,24.700000762939453,22.38465118408203,23500
ACGLO,2018-07-03,24.71999931335449,24.82999992370605,24.649999618530277,24.739999771118164,22.4209041595459,27500
ACGLO,2018-07-05,24.809999465942383,24.809999465942383,24.77899932861328,24.799999237060547,22.47527885437012,16300
ACGLO,2018-07-06,24.81999969482422,25.049999237060547,24.81999969482422,25.040000915527344,22.692781448364254,29700
ACGLO,2018-07-09,24.950000762939453,24.99399948120117,24.84000015258789,24.940000534057617,22.602155685424805,29700
ACGLO,2018-07-10,24.940000534057617,24.979999542236328,24.8799991607666,24.979999542236328,22.638402938842773,20100
ACGLO,2018-07-11,24.979999542236328,24.979999542236328,24.76000022888184,24.76000022888184,22.43902969360352,22600
ACGLO,2018-07-12,24.899999618530277,24.940000534057617,24.76099967956543,24.93000030517578,22.593090057373047,50800
ACGLO,2018-07-13,24.93000030517578,24.93000030517578,24.76000022888184,24.84000015258789,22.51152992248535,6300
ACGLO,2018-07-16,24.920000076293945,24.920000076293945,24.76000022888184,24.799999237060547,22.47527885437012,8200
ACGLO,2018-07-17,24.799999237060547,24.799999237060547,24.5,24.51000022888184,22.21246337890625,83900
ACGLO,2018-07-18,24.51000022888184,24.63999938964844,24.51000022888184,24.6200008392334,22.312152862548828,19700
ACGLO,2018-07-19,24.6200008392334,24.649999618530277,24.607999801635746,24.649999618530277,22.339338302612305,14400
ACGLO,2018-07-20,24.618000030517575,24.84000015258789,24.569000244140625,24.84000015258789,22.51152992248535,32500
ACGLO,2018-07-23,24.84000015258789,24.91699981689453,24.600000381469727,24.71999931335449,22.40277671813965,15600
ACGLO,2018-07-24,24.809999465942383,24.82999992370605,24.65800094604492,24.65999984741211,22.3484001159668,11500
ACGLO,2018-07-25,24.780000686645508,24.82999992370605,24.61000061035156,24.82999992370605,22.502464294433597,17400
ACGLO,2018-07-26,24.790000915527344,24.917999267578125,24.76000022888184,24.809999465942383,22.48434257507324,11900
ACGLO,2018-07-27,24.82999992370605,24.8700008392334,24.6299991607666,24.67200088500977,22.359277725219727,18200
ACGLO,2018-07-30,24.729999542236328,24.8129997253418,24.68000030517578,24.725000381469727,22.40730857849121,6900
ACGLO,2018-07-31,24.75,24.79599952697754,24.559999465942383,24.677000045776367,22.36381149291992,20500
ACGLO,2018-08-01,24.780000686645508,24.780000686645508,24.51000022888184,24.51000022888184,22.21246337890625,23400
ACGLO,2018-08-02,24.690000534057617,24.690000534057617,24.461000442504883,24.57999992370605,22.275901794433597,9600
ACGLO,2018-08-03,24.6299991607666,24.729999542236328,24.416000366210938,24.5,22.203399658203125,23700
ACGLO,2018-08-06,24.600000381469727,24.64699935913086,24.549999237060547,24.549999237060547,22.24871253967285,14800
ACGLO,2018-08-07,24.600000381469727,24.64699935913086,24.5,24.559999465942383,22.257774353027344,21300
ACGLO,2018-08-08,24.6299991607666,24.670000076293945,24.56999969482422,24.600000381469727,22.294025421142575,15000
ACGLO,2018-08-09,24.670000076293945,24.670000076293945,24.450000762939453,24.450000762939453,22.1580867767334,18200
ACGLO,2018-08-10,24.559999465942383,24.559999465942383,24.399999618530277,24.399999618530277,22.11277198791504,12500
ACGLO,2018-08-13,24.51000022888184,24.549999237060547,24.420000076293945,24.5,22.203399658203125,25500
ACGLO,2018-08-14,24.549999237060547,24.6200008392334,24.5,24.56999969482422,22.26683807373047,11600
ACGLO,2018-08-15,24.61000061035156,24.61000061035156,24.520999908447266,24.61000061035156,22.303089141845703,7600
ACGLO,2018-08-16,24.61000061035156,24.6299991607666,24.5310001373291,24.56999969482422,22.26683807373047,13400
ACGLO,2018-08-17,24.6299991607666,24.690000534057617,24.56999969482422,24.56999969482422,22.26683807373047,5500
ACGLO,2018-08-20,24.700000762939453,24.700000762939453,24.479999542236328,24.670000076293945,22.35746383666992,18700
ACGLO,2018-08-21,24.65999984741211,24.65999984741211,24.57999992370605,24.649999618530277,22.339338302612305,9300
ACGLO,2018-08-22,24.670000076293945,24.71999931335449,24.649999618530277,24.71999931335449,22.40277671813965,16000
ACGLO,2018-08-23,24.71999931335449,24.71999931335449,24.66200065612793,24.71999931335449,22.40277671813965,11900
ACGLO,2018-08-24,24.71999931335449,24.729999542236328,24.670000076293945,24.729999542236328,22.411836624145508,6500
ACGLO,2018-08-27,24.700000762939453,24.826000213623047,24.700000762939453,24.799999237060547,22.47527885437012,6600
ACGLO,2018-08-28,24.75,24.790000915527344,24.68000030517578,24.790000915527344,22.466217041015625,20400
ACGLO,2018-08-29,24.86000061035156,24.871000289916992,24.729999542236328,24.739999771118164,22.4209041595459,15000
ACGLO,2018-08-30,24.850000381469727,24.86199951171875,24.770000457763672,24.84000015258789,22.51152992248535,16900
ACGLO,2018-08-31,24.8799991607666,24.8799991607666,24.76000022888184,24.790000915527344,22.466217041015625,22000
ACGLO,2018-09-04,24.8700008392334,24.8700008392334,24.670000076293945,24.68000030517578,22.36652374267578,40100
ACGLO,2018-09-05,24.770000457763672,24.770000457763672,24.40699958801269,24.43000030517578,22.13996124267578,36700
ACGLO,2018-09-06,24.57999992370605,24.57999992370605,24.31999969482422,24.32099914550781,22.041179656982425,41700
ACGLO,2018-09-07,24.399999618530277,24.399999618530277,23.93099975585937,24.07999992370605,21.82277107238769,48300
ACGLO,2018-09-10,24.18000030517578,24.437000274658203,24.149999618530277,24.280000686645508,22.0040225982666,16100
ACGLO,2018-09-11,24.309999465942383,24.40999984741211,24.280000686645508,24.2810001373291,22.004928588867188,25000
ACGLO,2018-09-12,24.36000061035156,24.440000534057617,24.290000915527344,24.38999938964844,22.103708267211918,27100
ACGLO,2018-09-13,24.15999984741211,24.229999542236328,24.049999237060547,24.084999084472656,22.136798858642575,23900
ACGLO,2018-09-14,24.049999237060547,24.114999771118164,24.0,24.013999938964844,22.0715389251709,12000
ACGLO,2018-09-17,24.049999237060547,24.049999237060547,23.809999465942383,23.850000381469727,21.920806884765625,25400
ACGLO,2018-09-18,24.0,24.0,23.856000900268555,23.86000061035156,21.93000030517578,37600
ACGLO,2018-09-19,23.899999618530277,23.899999618530277,23.600000381469727,23.600000381469727,21.691030502319336,29000
ACGLO,2018-09-20,23.700000762939453,23.770000457763672,23.6200008392334,23.65999984741211,21.746177673339844,30900
ACGLO,2018-09-21,23.6299991607666,23.790000915527344,23.6299991607666,23.670000076293945,21.755369186401367,14100
ACGLO,2018-09-24,23.684999465942383,23.799999237060547,23.68000030517578,23.75,21.82889747619629,10500
ACGLO,2018-09-25,23.75,23.75,23.38999938964844,23.700000762939453,21.782943725585938,35900
ACGLO,2018-09-26,23.700000762939453,23.700000762939453,23.5,23.572999954223636,21.66621398925781,32000
ACGLO,2018-09-27,23.600000381469727,23.63999938964844,23.43000030517578,23.5,21.59911727905273,23400
ACGLO,2018-09-28,23.6299991607666,23.790000915527344,23.56999969482422,23.56999969482422,21.663454055786133,30200
ACGLO,2018-10-01,23.809999465942383,23.816999435424805,23.149999618530277,23.200000762939453,21.32338523864746,65500
ACGLO,2018-10-02,23.229999542236328,23.450000762939453,23.100000381469727,23.100000381469727,21.23147392272949,27300
ACGLO,2018-10-03,23.100000381469727,23.25200080871582,22.489999771118164,22.75,20.9097843170166,50900
ACGLO,2018-10-04,22.520000457763672,22.6299991607666,22.299999237060547,22.36000061035156,20.55133438110352,113500
ACGLO,2018-10-05,22.31999969482422,22.350000381469727,22.025999069213867,22.17300033569336,20.37945938110352,65100
ACGLO,2018-10-08,22.170000076293945,22.32999992370605,22.170000076293945,22.229999542236328,20.431846618652344,30900
ACGLO,2018-10-09,22.309999465942383,22.450000762939453,22.280000686645508,22.440000534057617,20.62486267089844,40000
ACGLO,2018-10-10,22.440000534057617,22.440000534057617,21.950000762939453,22.290000915527344,20.48699378967285,45600
ACGLO,2018-10-11,22.290000915527344,22.5,22.200000762939453,22.214000701904297,20.417142868041992,42300
ACGLO,2018-10-12,22.270000457763672,22.36000061035156,22.15999984741211,22.15999984741211,20.367509841918945,35600
ACGLO,2018-10-15,22.31999969482422,22.34499931335449,22.200000762939453,22.270000457763672,20.46861267089844,24400
ACGLO,2018-10-16,22.270000457763672,22.36000061035156,22.26000022888184,22.26000022888184,20.45941925048828,31300
ACGLO,2018-10-17,22.26000022888184,22.36000061035156,22.200000762939453,22.31999969482422,20.51456642150879,21700
ACGLO,2018-10-18,22.34000015258789,22.350000381469727,22.190000534057617,22.32999992370605,20.523757934570312,16500
ACGLO,2018-10-19,22.38999938964844,22.440000534057617,22.270000457763672,22.440000534057617,20.62486267089844,47800
ACGLO,2018-10-22,22.32999992370605,22.540000915527344,22.32900047302246,22.40999984741211,20.597286224365234,20800
ACGLO,2018-10-23,22.43000030517578,22.5,22.21999931335449,22.32999992370605,20.523757934570312,60400
ACGLO,2018-10-24,22.3799991607666,22.40999984741211,22.26000022888184,22.26000022888184,20.45941925048828,24600
ACGLO,2018-10-25,22.270000457763672,22.52899932861328,22.270000457763672,22.440000534057617,20.62486267089844,34600
ACGLO,2018-10-26,22.520000457763672,22.600000381469727,22.392000198364254,22.51000022888184,20.68919944763184,30600
ACGLO,2018-10-29,22.59000015258789,22.700000762939453,22.46999931335449,22.670000076293945,20.836257934570312,24900
ACGLO,2018-10-30,22.540000915527344,22.6879997253418,22.520000457763672,22.520000457763672,20.69839096069336,16100
ACGLO,2018-10-31,22.57999992370605,22.690000534057617,22.46999931335449,22.540000915527344,20.716773986816406,25100
ACGLO,2018-11-01,22.56999969482422,22.700000762939453,22.56999969482422,22.6200008392334,20.790302276611328,32100
ACGLO,2018-11-02,22.729999542236328,22.729999542236328,22.399999618530277,22.399999618530277,20.588096618652344,36300
ACGLO,2018-11-05,22.450000762939453,22.489999771118164,22.36000061035156,22.489999771118164,20.67081642150879,16900
ACGLO,2018-11-06,22.5,22.670000076293945,22.489999771118164,22.57999992370605,20.753536224365234,43400
ACGLO,2018-11-07,22.670000076293945,22.701000213623047,22.61000061035156,22.61000061035156,20.78111267089844,19600
ACGLO,2018-11-08,22.729999542236328,22.729999542236328,22.59000015258789,22.600000381469727,20.77191925048828,49500
ACGLO,2018-11-09,22.600000381469727,22.670000076293945,22.46999931335449,22.549999237060547,20.725963592529297,23600
ACGLO,2018-11-12,22.600000381469727,22.68000030517578,22.402999877929688,22.559999465942383,20.735153198242188,39200
ACGLO,2018-11-13,22.59000015258789,22.68000030517578,22.51000022888184,22.57999992370605,20.753536224365234,23500
ACGLO,2018-11-14,22.68000030517578,22.68000030517578,22.450000762939453,22.540000915527344,20.716773986816406,20100
ACGLO,2018-11-15,22.540000915527344,22.57999992370605,22.29599952697754,22.31999969482422,20.51456642150879,45000
ACGLO,2018-11-16,22.38999938964844,22.38999938964844,22.13999938964844,22.200000762939453,20.404277801513672,40900
ACGLO,2018-11-19,22.299999237060547,22.299999237060547,22.149999618530277,22.149999618530277,20.358318328857425,24800
ACGLO,2018-11-20,22.209999084472656,22.209999084472656,21.920000076293945,22.020000457763672,20.238832473754883,50500
ACGLO,2018-11-21,22.07999992370605,22.1299991607666,21.96999931335449,22.1200008392334,20.33074760437012,20700
ACGLO,2018-11-23,22.1200008392334,22.1200008392334,22.05500030517578,22.100000381469727,20.31236267089844,11200
ACGLO,2018-11-26,22.239999771118164,22.25,21.93000030517578,21.93000030517578,20.15611267089844,37900
ACGLO,2018-11-27,22.040000915527344,22.040000915527344,21.815000534057617,21.84000015258789,20.073392868041992,39500
ACGLO,2018-11-28,22.0,22.040000915527344,21.709999084472656,21.875,20.105562210083008,69900
ACGLO,2018-11-29,21.850000381469727,22.09000015258789,21.780000686645508,21.82999992370605,20.06420135498047,105600
ACGLO,2018-11-30,21.75,21.899999618530277,21.700000762939453,21.700000762939453,19.94471740722656,29200
ACGLO,2018-12-03,21.71999931335449,21.989999771118164,21.700000762939453,21.790000915527344,20.027442932128903,37100
ACGLO,2018-12-04,21.809999465942383,21.93000030517578,21.382999420166016,21.61000061035156,19.86199760437012,47400
ACGLO,2018-12-06,21.600000381469727,21.65999984741211,21.38400077819824,21.520000457763672,19.779277801513672,62800
ACGLO,2018-12-07,21.520000457763672,21.56999969482422,21.350000381469727,21.482999801635746,19.74527359008789,56500
ACGLO,2018-12-10,21.479999542236328,21.479999542236328,21.32999992370605,21.32999992370605,19.60464859008789,31000
ACGLO,2018-12-11,21.420000076293945,21.540000915527344,21.299999237060547,21.31999969482422,19.595457077026367,71900
ACGLO,2018-12-12,21.450000762939453,21.450000762939453,21.34000015258789,21.36000061035156,19.632221221923828,42600
ACGLO,2018-12-13,21.25,21.25,20.920000076293945,21.049999237060547,19.66117477416992,98100
ACGLO,2018-12-14,21.049999237060547,21.09000015258789,20.850000381469727,21.06999969482422,19.67985343933105,74600
ACGLO,2018-12-17,21.100000381469727,21.100000381469727,20.881000518798828,20.93000030517578,19.54909324645996,59000
ACGLO,2018-12-18,20.8799991607666,21.040000915527344,20.84000015258789,20.850000381469727,19.4743709564209,70500
ACGLO,2018-12-19,20.850000381469727,20.929000854492188,20.649999618530277,20.690000534057617,19.324926376342773,54000
ACGLO,2018-12-20,20.670000076293945,20.690000534057617,20.15999984741211,20.68000030517578,19.31558609008789,83500
ACGLO,2018-12-21,20.59000015258789,20.670000076293945,20.299999237060547,20.549999237060547,19.19416236877441,79100
ACGLO,2018-12-24,20.420000076293945,20.5,20.239999771118164,20.3799991607666,19.03537940979004,64100
ACGLO,2018-12-26,20.3799991607666,20.3799991607666,20.15999984741211,20.177000045776367,18.84577178955078,62100
ACGLO,2018-12-27,20.18000030517578,20.23900032043457,19.850000381469727,20.030000686645508,18.708473205566406,125400
ACGLO,2018-12-28,20.100000381469727,20.40999984741211,20.0,20.18000030517578,18.848575592041016,69700
ACGLO,2018-12-31,20.299999237060547,20.530000686645508,20.270000457763672,20.32999992370605,18.988679885864254,193900
ACGLO,2019-01-02,20.299999237060547,20.88599967956543,20.270000457763672,20.809999465942383,19.437009811401367,63800
ACGLO,2019-01-03,20.8700008392334,21.040000915527344,20.459999084472656,20.770000457763672,19.399646759033203,35200
ACGLO,2019-01-04,20.979999542236328,21.60400009155273,20.979999542236328,21.479999542236328,20.062803268432617,71900
ACGLO,2019-01-07,21.57999992370605,22.059999465942383,21.57999992370605,21.850000381469727,20.40839195251465,80100
ACGLO,2019-01-08,21.989999771118164,22.170000076293945,21.93000030517578,22.1299991607666,20.66991806030273,41600
ACGLO,2019-01-09,22.25,22.25,22.0,22.1299991607666,20.66991806030273,50100
ACGLO,2019-01-10,22.100000381469727,22.149999618530277,21.90999984741211,22.149999618530277,20.688600540161133,27400
ACGLO,2019-01-11,22.149999618530277,22.479999542236328,22.01000022888184,22.38999938964844,20.912765502929688,77800
ACGLO,2019-01-14,22.32999992370605,22.59000015258789,22.209999084472656,22.59000015258789,21.09956932067871,38900
ACGLO,2019-01-15,22.59000015258789,22.65999984741211,22.51499938964844,22.6200008392334,21.127592086791992,59700
ACGLO,2019-01-16,22.63999938964844,22.63999938964844,22.32999992370605,22.3700008392334,20.89408493041992,39000
ACGLO,2019-01-17,22.3700008392334,22.540000915527344,22.32999992370605,22.540000915527344,21.05286979675293,20800
ACGLO,2019-01-18,22.59000015258789,22.690000534057617,22.51000022888184,22.690000534057617,21.19297218322754,50300
ACGLO,2019-01-22,22.71999931335449,22.743000030517575,22.48500061035156,22.56999969482422,21.080888748168945,31500
ACGLO,2019-01-23,22.63999938964844,22.63999938964844,22.43000030517578,22.540000915527344,21.05286979675293,37200
ACGLO,2019-01-24,22.5,22.6299991607666,22.440000534057617,22.549999237060547,21.06221008300781,31500
ACGLO,2019-01-25,22.649999618530277,22.71999931335449,22.61000061035156,22.6200008392334,21.127592086791992,18300
ACGLO,2019-01-28,22.649999618530277,22.649999618530277,22.479999542236328,22.6299991607666,21.13692855834961,41800
ACGLO,2019-01-29,22.6299991607666,22.690000534057617,22.559999465942383,22.559999465942383,21.07155036926269,35700
ACGLO,2019-01-30,22.690000534057617,22.799999237060547,22.65999984741211,22.790000915527344,21.286375045776367,30900
ACGLO,2019-01-31,22.799999237060547,23.06999969482422,22.76000022888184,23.049999237060547,21.52921867370605,103900
ACGLO,2019-02-01,23.049999237060547,23.10099983215332,23.0,23.059999465942383,21.538558959960938,67000
ACGLO,2019-02-04,23.059999465942383,23.170000076293945,22.989999771118164,23.149999618530277,21.62261962890625,28300
ACGLO,2019-02-05,23.049999237060547,23.21999931335449,23.049999237060547,23.190000534057617,21.65998268127441,19200
ACGLO,2019-02-06,23.21999931335449,23.229999542236328,23.020000457763672,23.13999938964844,21.61328125,22200
ACGLO,2019-02-07,23.190000534057617,23.190000534057617,22.8700008392334,22.96999931335449,21.454500198364254,16100
ACGLO,2019-02-08,23.0,23.0,22.770000457763672,22.989999771118164,21.47317886352539,24300
ACGLO,2019-02-11,22.989999771118164,23.09000015258789,22.915000915527344,23.0,21.482519149780277,22300
ACGLO,2019-02-12,23.0,23.149999618530277,23.0,23.149999618530277,21.62261962890625,24200
ACGLO,2019-02-13,23.149999618530277,23.309999465942383,23.149999618530277,23.190000534057617,21.65998268127441,27400
ACGLO,2019-02-14,23.239999771118164,23.257999420166016,23.059999465942383,23.149999618530277,21.62261962890625,9800
ACGLO,2019-02-15,23.299999237060547,23.3700008392334,23.16200065612793,23.3700008392334,21.828109741210938,10000
ACGLO,2019-02-19,23.38999938964844,23.507999420166016,23.270000457763672,23.31999969482422,21.78140640258789,30000
ACGLO,2019-02-20,23.3700008392334,23.63999938964844,23.3700008392334,23.63999938964844,22.080293655395508,31000
ACGLO,2019-02-21,23.670000076293945,23.770000457763672,23.549999237060547,23.57999992370605,22.02425193786621,12700
ACGLO,2019-02-22,23.63999938964844,23.729999542236328,23.6200008392334,23.6200008392334,22.061613082885746,14900
ACGLO,2019-02-25,23.770000457763672,23.770000457763672,23.6200008392334,23.6200008392334,22.061613082885746,16200
ACGLO,2019-02-26,23.690000534057617,23.690000534057617,23.549999237060547,23.63999938964844,22.080293655395508,19400
ACGLO,2019-02-27,23.690000534057617,23.690000534057617,23.51000022888184,23.56999969482422,22.01490974426269,22000
ACGLO,2019-02-28,23.700000762939453,23.700000762939453,23.149999618530277,23.149999618530277,21.62261962890625,165100
ACGLO,2019-03-01,23.290000915527344,23.57999992370605,23.290000915527344,23.46999931335449,21.9215087890625,42900
ACGLO,2019-03-04,23.51000022888184,23.65999984741211,23.46999931335449,23.46999931335449,21.9215087890625,39100
ACGLO,2019-03-05,23.600000381469727,23.670000076293945,23.46999931335449,23.670000076293945,22.10831451416016,40400
ACGLO,2019-03-06,23.71999931335449,23.81999969482422,23.700000762939453,23.81999969482422,22.24841690063477,38900
ACGLO,2019-03-07,23.81999969482422,23.84000015258789,23.68000030517578,23.700000762939453,22.13633346557617,35300
ACGLO,2019-03-08,23.68000030517578,23.729999542236328,23.57999992370605,23.61000061035156,22.05227279663086,22800
ACGLO,2019-03-11,23.649999618530277,23.777999877929688,23.61000061035156,23.63999938964844,22.080293655395508,20400
ACGLO,2019-03-12,23.690000534057617,23.739999771118164,23.670000076293945,23.670000076293945,22.10831451416016,16500
ACGLO,2019-03-13,23.799999237060547,23.832000732421875,23.690000534057617,23.82999992370605,22.25775718688965,18600
ACGLO,2019-03-14,23.780000686645508,23.780000686645508,23.530000686645508,23.690000534057617,22.448223114013672,36300
ACGLO,2019-03-15,23.770000457763672,23.770000457763672,23.5,23.559999465942383,22.325035095214844,35800
ACGLO,2019-03-18,23.780000686645508,23.780000686645508,23.62299919128418,23.71999931335449,22.47664833068848,32300
ACGLO,2019-03-19,23.71999931335449,23.739999771118164,23.56999969482422,23.61000061035156,22.37241554260254,20200
ACGLO,2019-03-20,23.63999938964844,23.700000762939453,23.51099967956543,23.700000762939453,22.45769691467285,17100
ACGLO,2019-03-21,23.700000762939453,23.82999992370605,23.582000732421875,23.709999084472656,22.467172622680664,59200
ACGLO,2019-03-22,23.71999931335449,23.739999771118164,23.6200008392334,23.71999931335449,22.47664833068848,24100
ACGLO,2019-03-25,23.700000762939453,23.81999969482422,23.68099975585937,23.81999969482422,22.571407318115234,41300
ACGLO,2019-03-26,23.81999969482422,23.96999931335449,23.81800079345703,23.940000534057617,22.68511962890625,68500
ACGLO,2019-03-27,23.950000762939453,23.989999771118164,23.780000686645508,23.8700008392334,22.61878776550293,48400
ACGLO,2019-03-28,23.8700008392334,23.96999931335449,23.84000015258789,23.920000076293945,22.666166305541992,35800
ACGLO,2019-03-29,23.920000076293945,24.239999771118164,23.90399932861328,24.239999771118164,22.969390869140625,76900
ACGLO,2019-04-01,24.229999542236328,24.3700008392334,24.187000274658203,24.31999969482422,23.04519844055176,77800
ACGLO,2019-04-02,24.31999969482422,24.440000534057617,24.26000022888184,24.420000076293945,23.13995742797852,31100
ACGLO,2019-04-03,24.440000534057617,24.5,24.39900016784668,24.48600006103516,23.202497482299805,28500
ACGLO,2019-04-04,24.3700008392334,24.597000122070312,24.3700008392334,24.57999992370605,23.29156875610352,51800
ACGLO,2019-04-05,24.520000457763672,24.68000030517578,24.520000457763672,24.68000030517578,23.386329650878903,28500
ACGLO,2019-04-08,24.59000015258789,24.68000030517578,24.549999237060547,24.549999237060547,23.26314353942871,66800
ACGLO,2019-04-09,24.5,24.649999618530277,24.5,24.600000381469727,23.310522079467773,70000
ACGLO,2019-04-10,24.56999969482422,24.670000076293945,24.489999771118164,24.600000381469727,23.310522079467773,40200
ACGLO,2019-04-11,24.61000061035156,24.670000076293945,24.600000381469727,24.621000289916992,23.330421447753903,44000
ACGLO,2019-04-12,24.649999618530277,24.76000022888184,24.6200008392334,24.65999984741211,23.36737632751465,49300
ACGLO,2019-04-15,24.709999084472656,24.729999542236328,24.649999618530277,24.71999931335449,23.424230575561523,19800
ACGLO,2019-04-16,24.709999084472656,24.84000015258789,24.709999084472656,24.780000686645508,23.4810848236084,38700
ACGLO,2019-04-17,24.82999992370605,24.84000015258789,24.6299991607666,24.84000015258789,23.537940979003903,59800
ACGLO,2019-04-18,24.84000015258789,24.84000015258789,24.709999084472656,24.71999931335449,23.424230575561523,16900
ACGLO,2019-04-22,24.770000457763672,24.790000915527344,24.690000534057617,24.700000762939453,23.4052791595459,48500
ACGLO,2019-04-23,24.790000915527344,24.790000915527344,24.700000762939453,24.729999542236328,23.43370819091797,367100
ACGLO,2019-04-24,24.71999931335449,24.78300094604492,24.71999931335449,24.71999931335449,23.424230575561523,22000
ACGLO,2019-04-25,24.75,24.799999237060547,24.649999618530277,24.649999618530277,23.357898712158203,83100
ACGLO,2019-04-26,24.790000915527344,24.790000915527344,24.530000686645508,24.549999237060547,23.26314353942871,23800
ACGLO,2019-04-29,24.739999771118164,24.739999771118164,24.549999237060547,24.61000061035156,23.319997787475582,30100
ACGLO,2019-04-30,24.63999938964844,24.65900039672852,24.459999084472656,24.459999084472656,23.17786026000977,81000
ACGLO,2019-05-01,24.5,24.600000381469727,24.5,24.57999992370605,23.29156875610352,23300
ACGLO,2019-05-02,24.63999938964844,24.63999938964844,24.520000457763672,24.56999969482422,23.282093048095703,19000
ACGLO,2019-05-03,24.670000076293945,24.670000076293945,24.53499984741211,24.540000915527344,23.2536678314209,44100
ACGLO,2019-05-06,24.6299991607666,24.6299991607666,24.51000022888184,24.56999969482422,23.282093048095703,18900
ACGLO,2019-05-07,24.63999938964844,24.63999938964844,24.459999084472656,24.520000457763672,23.234712600708008,34800
ACGLO,2019-05-08,24.57999992370605,24.57999992370605,24.440000534057617,24.440000534057617,23.158906936645508,47900
ACGLO,2019-05-09,24.530000686645508,24.530000686645508,24.36000061035156,24.459999084472656,23.17786026000977,19600
ACGLO,2019-05-10,24.479999542236328,24.6200008392334,24.43000030517578,24.46999931335449,23.187335968017575,18600
ACGLO,2019-05-13,24.440000534057617,24.5,24.32999992370605,24.399999618530277,23.121004104614254,17100
ACGLO,2019-05-14,24.489999771118164,24.506000518798828,24.31999969482422,24.399999618530277,23.121004104614254,31500
ACGLO,2019-05-15,24.5,24.549999237060547,24.40999984741211,24.549999237060547,23.26314353942871,27800
ACGLO,2019-05-16,24.549999237060547,24.57999992370605,24.459999084472656,24.56999969482422,23.282093048095703,47800
ACGLO,2019-05-17,24.59000015258789,24.600000381469727,24.51000022888184,24.520000457763672,23.234712600708008,30200
ACGLO,2019-05-20,24.540000915527344,24.57999992370605,24.420000076293945,24.46999931335449,23.187335968017575,21300
ACGLO,2019-05-21,24.5,24.53499984741211,24.40999984741211,24.479999542236328,23.19681167602539,37700
ACGLO,2019-05-22,24.520000457763672,24.56999969482422,24.459999084472656,24.520000457763672,23.234712600708008,21000
ACGLO,2019-05-23,24.559999465942383,24.6200008392334,24.520000457763672,24.56999969482422,23.282093048095703,23100
ACGLO,2019-05-24,24.649999618530277,24.709999084472656,24.559999465942383,24.6299991607666,23.338947296142575,29500
ACGLO,2019-05-28,24.6299991607666,24.6299991607666,24.540000915527344,24.56999969482422,23.282093048095703,37100
ACGLO,2019-05-29,24.600000381469727,24.6200008392334,24.549999237060547,24.600000381469727,23.310522079467773,40900
ACGLO,2019-05-30,24.5,24.57999992370605,24.499000549316406,24.57999992370605,23.29156875610352,32400
ACGLO,2019-05-31,24.57999992370605,24.59000015258789,24.40999984741211,24.459999084472656,23.17786026000977,38800
ACGLO,2019-06-03,24.56999969482422,24.57999992370605,24.464000701904297,24.56999969482422,23.282093048095703,13100
ACGLO,2019-06-04,24.559999465942383,24.68000030517578,24.5,24.63999938964844,23.34842300415039,35800
ACGLO,2019-06-05,24.68000030517578,24.68099975585937,24.59000015258789,24.61000061035156,23.319997787475582,54100
ACGLO,2019-06-06,24.670000076293945,24.702999114990234,24.61000061035156,24.61000061035156,23.319997787475582,18400
ACGLO,2019-06-07,24.6299991607666,24.799999237060547,24.61000061035156,24.770000457763672,23.471609115600582,84300
ACGLO,2019-06-10,24.770000457763672,24.88999938964844,24.770000457763672,24.809999465942383,23.50951385498047,31400
ACGLO,2019-06-11,24.93000030517578,24.93000030517578,24.823999404907227,24.899999618530277,23.59479522705078,12000
ACGLO,2019-06-12,24.940000534057617,24.96999931335449,24.82999992370605,24.920000076293945,23.613746643066406,20700
ACGLO,2019-06-13,24.59000015258789,24.76000022888184,24.51000022888184,24.74099922180176,23.769384384155277,44300
ACGLO,2019-06-14,24.722000122070312,24.799999237060547,24.690000534057617,24.799999237060547,23.826068878173828,22500
ACGLO,2019-06-17,24.799999237060547,25.0,24.67300033569336,24.99099922180176,24.009567260742188,34000
ACGLO,2019-06-18,25.0,25.06999969482422,24.957000732421875,25.06999969482422,24.085464477539062,43600
ACGLO,2019-06-19,25.049999237060547,25.114999771118164,24.90999984741211,25.100000381469727,24.114288330078125,21400
ACGLO,2019-06-20,25.190000534057617,25.200000762939453,25.020000457763672,25.09499931335449,24.10948181152344,51700
ACGLO,2019-06-21,25.190000534057617,25.209999084472656,25.09000015258789,25.13400077819824,24.146953582763672,20500
ACGLO,2019-06-24,25.1299991607666,25.149999618530277,25.038000106811523,25.125999450683597,24.13926696777344,27000
ACGLO,2019-06-25,25.1299991607666,25.200000762939453,25.049999237060547,25.13999938964844,24.1527156829834,79700
ACGLO,2019-06-26,25.149999618530277,25.149999618530277,25.08300018310547,25.11000061035156,24.1238956451416,27000
ACGLO,2019-06-27,25.07999992370605,25.18000030517578,25.07999992370605,25.15999984741211,24.17193031311035,102600
ACGLO,2019-06-28,25.190000534057617,25.190000534057617,24.780000686645508,24.780000686645508,23.806854248046875,107200
ACGLO,2019-07-01,24.850000381469727,24.959999084472656,24.850000381469727,24.920000076293945,23.941356658935547,32800
ACGLO,2019-07-02,24.90999984741211,25.09000015258789,24.849000930786133,25.049999237060547,24.06624984741211,36400
ACGLO,2019-07-03,25.049999237060547,25.049999237060547,24.97100067138672,25.040000915527344,24.056644439697266,16000
ACGLO,2019-07-05,25.040000915527344,25.07999992370605,25.020000457763672,25.030000686645508,24.04703712463379,9700
ACGLO,2019-07-08,25.01000022888184,25.11000061035156,25.01000022888184,25.06999969482422,24.085464477539062,10300
ACGLO,2019-07-09,25.0,25.093000411987305,24.950000762939453,25.01000022888184,24.027820587158203,42500
ACGLO,2019-07-10,25.030000686645508,25.09000015258789,25.0,25.0,24.018213272094727,34800
ACGLO,2019-07-11,25.0,25.170000076293945,25.0,25.059999465942383,24.075857162475582,27300
ACGLO,2019-07-12,25.059999465942383,25.06999969482422,25.040000915527344,25.059999465942383,24.075857162475582,5300
ACGLO,2019-07-15,25.06999969482422,25.1200008392334,25.040000915527344,25.1200008392334,24.133501052856445,33500
ACGLO,2019-07-16,25.06999969482422,25.13999938964844,25.049999237060547,25.100000381469727,24.114288330078125,22400
ACGLO,2019-07-17,25.1200008392334,25.290000915527344,25.11000061035156,25.170000076293945,24.181537628173828,48700
ACGLO,2019-07-18,25.190000534057617,25.25900077819824,25.177000045776367,25.239999771118164,24.2487907409668,13200
ACGLO,2019-07-19,25.190000534057617,25.31599998474121,25.190000534057617,25.280000686645508,24.28721809387207,22100
ACGLO,2019-07-22,25.280000686645508,25.32999992370605,25.209999084472656,25.270000457763672,24.277610778808597,12400
ACGLO,2019-07-23,25.239999771118164,25.38999938964844,25.190000534057617,25.3700008392334,24.37368392944336,21000
ACGLO,2019-07-24,25.3799991607666,25.450000762939453,25.290000915527344,25.32999992370605,24.335254669189453,28400
ACGLO,2019-07-25,25.40999984741211,25.40999984741211,25.200000762939453,25.200000762939453,24.21036148071289,29900
ACGLO,2019-07-26,25.299999237060547,25.309999465942383,25.211000442504883,25.290000915527344,24.29682731628418,17700
ACGLO,2019-07-29,25.32999992370605,25.56999969482422,25.291000366210938,25.56999969482422,24.56583023071289,50500
ACGLO,2019-07-30,25.459999084472656,25.6200008392334,25.450000762939453,25.61000061035156,24.60426139831543,29100
ACGLO,2019-07-31,25.600000381469727,25.75,25.51000022888184,25.75,24.73875999450684,59900
ACGLO,2019-08-01,25.709999084472656,25.790000915527344,25.63999938964844,25.709999084472656,24.70033073425293,34100
ACGLO,2019-08-02,25.700000762939453,25.700000762939453,25.520000457763672,25.649999618530277,24.64268684387207,42400
ACGLO,2019-08-05,25.618000030517575,25.618000030517575,25.3700008392334,25.479999542236328,24.4793643951416,19300
ACGLO,2019-08-06,25.26000022888184,25.46999931335449,25.26000022888184,25.40999984741211,24.412113189697266,36000
ACGLO,2019-08-07,25.38999938964844,25.40999984741211,25.28700065612793,25.309999465942383,24.3160400390625,21700
ACGLO,2019-08-08,25.31999969482422,25.440000534057617,25.30599975585937,25.40999984741211,24.412113189697266,13700
ACGLO,2019-08-09,25.399999618530277,25.51000022888184,25.333999633789062,25.479999542236328,24.4793643951416,11500
ACGLO,2019-08-12,25.475000381469727,25.5,25.3700008392334,25.440000534057617,24.44093513488769,17800
ACGLO,2019-08-13,25.440000534057617,25.649999618530277,25.440000534057617,25.649999618530277,24.64268684387207,21200
ACGLO,2019-08-14,25.600000381469727,25.709999084472656,25.5,25.670000076293945,24.661903381347656,16600
ACGLO,2019-08-15,25.670000076293945,25.88999938964844,25.665000915527344,25.850000381469727,24.834835052490234,17200
ACGLO,2019-08-16,25.88999938964844,25.940000534057617,25.739999771118164,25.81999969482422,24.806013107299805,15400
ACGLO,2019-08-19,25.81999969482422,25.920000076293945,25.670000076293945,25.68000030517578,24.6715087890625,41400
ACGLO,2019-08-20,25.75,25.910999298095703,25.75,25.809999465942383,24.796401977539062,11000
ACGLO,2019-08-21,25.88999938964844,25.920000076293945,25.834999084472656,25.8700008392334,24.854047775268555,12600
ACGLO,2019-08-22,25.899999618530277,25.989999771118164,25.899999618530277,25.959999084472656,24.940513610839844,10700
ACGLO,2019-08-23,25.979999542236328,25.989999771118164,25.84000015258789,25.850000381469727,24.834835052490234,37000
ACGLO,2019-08-26,25.84000015258789,25.891000747680664,25.700000762939453,25.709999084472656,24.70033073425293,34700
ACGLO,2019-08-27,25.739999771118164,25.81999969482422,25.709999084472656,25.729999542236328,24.71954727172852,23600
ACGLO,2019-08-28,25.799999237060547,25.8700008392334,25.76000022888184,25.770000457763672,24.757976531982425,10600
ACGLO,2019-08-29,25.799999237060547,25.849000930786133,25.57999992370605,25.57999992370605,24.575437545776367,24900
ACGLO,2019-08-30,25.739999771118164,25.739999771118164,25.350000381469727,25.350000381469727,24.35447120666504,133100
ACGLO,2019-09-03,25.450000762939453,25.54199981689453,25.399999618530277,25.540000915527344,24.53700828552246,44800
ACGLO,2019-09-04,25.57999992370605,25.75,25.57999992370605,25.75,24.73875999450684,46500
ACGLO,2019-09-05,25.75,25.82999992370605,25.690000534057617,25.799999237060547,24.786794662475582,42900
ACGLO,2019-09-06,25.84000015258789,25.93000030517578,25.812000274658203,25.93000030517578,24.91169166564941,15200
ACGLO,2019-09-09,25.940000534057617,25.96500015258789,25.809999465942383,25.850000381469727,24.834835052490234,30300
ACGLO,2019-09-10,25.96999931335449,25.96999931335449,25.799999237060547,25.850000381469727,24.834835052490234,29700
ACGLO,2019-09-11,25.940000534057617,25.940000534057617,25.809999465942383,25.940000534057617,24.92129898071289,25500
ACGLO,2019-09-12,25.709999084472656,25.709999084472656,25.618000030517575,25.649999618530277,24.970949172973636,18700
ACGLO,2019-09-13,25.649999618530277,25.667999267578125,25.301000595092773,25.399999618530277,24.72756767272949,26400
ACGLO,2019-09-16,25.59000015258789,25.59000015258789,25.399999618530277,25.559999465942383,24.88333320617676,21500
ACGLO,2019-09-17,25.549999237060547,25.649999618530277,25.520999908447266,25.649999618530277,24.970949172973636,12500
ACGLO,2019-09-18,25.65999984741211,25.71999931335449,25.6299991607666,25.700000762939453,25.01962661743164,30800
ACGLO,2019-09-19,25.75,25.75,25.63999938964844,25.700000762939453,25.01962661743164,12400
ACGLO,2019-09-20,25.739999771118164,25.75,25.700000762939453,25.729999542236328,25.048831939697266,7500
ACGLO,2019-09-23,25.75,25.799999237060547,25.69300079345703,25.71999931335449,25.03909492492676,13900
ACGLO,2019-09-24,25.82999992370605,25.82999992370605,25.729999542236328,25.729999542236328,25.048831939697266,15500
ACGLO,2019-09-25,25.790000915527344,25.790000915527344,25.729999542236328,25.739999771118164,25.05856704711914,12900
ACGLO,2019-09-26,25.75,25.790000915527344,25.63999938964844,25.63999938964844,24.96121406555176,25400
ACGLO,2019-09-27,25.709999084472656,25.82999992370605,25.670000076293945,25.82999992370605,25.146183013916016,26400
ACGLO,2019-09-30,25.850000381469727,25.850000381469727,25.701000213623047,25.790000915527344,25.10724449157715,74200
ACGLO,2019-10-01,25.850000381469727,25.90800094604492,25.790000915527344,25.899999618530277,25.214330673217773,14800
ACGLO,2019-10-02,25.809999465942383,25.82900047302246,25.700000762939453,25.809999465942383,25.126712799072266,9100
ACGLO,2019-10-03,25.770000457763672,25.854999542236328,25.770000457763672,25.799999237060547,25.116979598999023,13100
ACGLO,2019-10-04,25.799999237060547,25.809999465942383,25.770000457763672,25.809999465942383,25.126712799072266,11200
ACGLO,2019-10-07,25.81999969482422,25.88999938964844,25.809999465942383,25.88999938964844,25.2045955657959,11100
ACGLO,2019-10-08,25.989999771118164,25.989999771118164,25.899999618530277,25.90999984741211,25.22406768798828,22400
ACGLO,2019-10-09,25.989999771118164,25.989999771118164,25.90999984741211,25.90999984741211,25.22406768798828,15500
ACGLO,2019-10-10,25.959999084472656,25.96999931335449,25.920000076293945,25.93000030517578,25.2435359954834,12700
ACGLO,2019-10-11,25.950000762939453,26.15999984741211,25.950000762939453,26.09000015258789,25.399301528930664,12000
ACGLO,2019-10-14,26.18000030517578,26.290000915527344,26.01000022888184,26.280000686645508,25.584272384643555,15500
ACGLO,2019-10-15,26.200000762939453,26.270000457763672,25.96999931335449,26.059999465942383,25.370094299316406,23000
ACGLO,2019-10-16,26.170000076293945,26.290000915527344,26.06999969482422,26.290000915527344,25.59400749206543,14300
ACGLO,2019-10-17,26.290000915527344,26.290000915527344,26.1200008392334,26.21999931335449,25.525859832763672,10400
ACGLO,2019-10-18,26.190000534057617,26.249000549316406,26.190000534057617,26.23500061035156,25.540462493896484,8500
ACGLO,2019-10-21,26.183000564575195,26.21999931335449,26.06999969482422,26.06999969482422,25.37982940673828,17600
ACGLO,2019-10-22,26.1200008392334,26.1200008392334,26.0,26.1200008392334,25.42850875854492,18900
ACGLO,2019-10-23,26.15999984741211,26.200000762939453,26.01000022888184,26.1200008392334,25.42850875854492,12400
ACGLO,2019-10-24,26.190000534057617,26.25,26.059999465942383,26.1299991607666,25.438241958618164,24000
ACGLO,2019-10-25,26.114999771118164,26.239999771118164,26.06999969482422,26.15999984741211,25.467449188232425,14400
ACGLO,2019-10-28,26.229999542236328,26.239999771118164,26.059999465942383,26.1299991607666,25.438241958618164,39800
ACGLO,2019-10-29,26.13999938964844,26.13999938964844,26.0,26.11000061035156,25.41877174377441,20800
ACGLO,2019-10-30,26.11000061035156,26.670000076293945,25.499000549316406,26.1299991607666,25.438241958618164,35000
ACGLO,2019-10-31,26.0,26.09000015258789,25.899999618530277,25.950000762939453,25.26300811767578,104900
ACGLO,2019-11-01,25.979999542236328,26.100000381469727,25.979999542236328,26.06999969482422,25.37982940673828,19500
ACGLO,2019-11-04,26.059999465942383,26.059999465942383,25.920000076293945,26.049999237060547,25.36035919189453,16800
ACGLO,2019-11-05,26.020000457763672,26.020000457763672,25.88999938964844,25.959999084472656,25.272741317749023,15200
ACGLO,2019-11-06,25.8799991607666,25.940000534057617,25.729999542236328,25.8799991607666,25.194860458374023,14500
ACGLO,2019-11-07,25.899999618530277,25.950000762939453,25.600000381469727,25.790000915527344,25.10724449157715,26700
ACGLO,2019-11-08,25.790000915527344,26.0,25.722000122070312,25.93000030517578,25.2435359954834,19200
ACGLO,2019-11-11,25.920000076293945,25.959999084472656,25.802000045776367,25.8799991607666,25.194860458374023,10400
ACGLO,2019-11-12,25.950000762939453,26.020000457763672,25.8799991607666,26.020000457763672,25.33115577697754,11600
ACGLO,2019-11-13,25.920000076293945,26.07999992370605,25.899999618530277,26.01000022888184,25.321420669555664,11000
ACGLO,2019-11-14,25.96999931335449,26.09000015258789,25.96999931335449,26.059999465942383,25.370094299316406,16000
ACGLO,2019-11-15,26.059999465942383,26.11000061035156,26.040000915527344,26.059999465942383,25.370094299316406,9600
ACGLO,2019-11-18,25.84199905395508,26.059999465942383,25.84199905395508,25.96999931335449,25.2824764251709,19200
ACGLO,2019-11-19,26.059999465942383,26.100000381469727,25.90999984741211,25.90999984741211,25.22406768798828,21200
ACGLO,2019-11-20,25.976999282836918,26.020000457763672,25.90999984741211,25.989999771118164,25.30194854736328,18000
ACGLO,2019-11-21,26.020000457763672,26.020000457763672,25.84000015258789,25.88999938964844,25.2045955657959,15700
ACGLO,2019-11-22,26.11000061035156,26.11000061035156,25.940000534057617,25.95199966430664,25.26495361328125,19100
ACGLO,2019-11-25,26.01000022888184,26.01000022888184,25.86000061035156,25.86000061035156,25.175390243530277,15000
ACGLO,2019-11-26,25.92300033569336,25.9950008392334,25.790000915527344,25.850000381469727,25.1656551361084,15600
ACGLO,2019-11-27,25.950000762939453,25.950000762939453,25.670000076293945,25.700000762939453,25.01962661743164,21300
ACGLO,2019-11-29,25.71999931335449,25.801000595092773,25.540000915527344,25.56999969482422,24.89306640625,43900
ACGLO,2019-12-02,25.6200008392334,25.66699981689453,25.448999404907227,25.450000762939453,24.7762451171875,23600
ACGLO,2019-12-03,25.472000122070312,25.56999969482422,25.40999984741211,25.479999542236328,24.805450439453125,19600
ACGLO,2019-12-04,25.6299991607666,25.6299991607666,25.40999984741211,25.450000762939453,24.7762451171875,19900
ACGLO,2019-12-05,25.51000022888184,25.51000022888184,25.299999237060547,25.450000762939453,24.7762451171875,21900
ACGLO,2019-12-06,25.450000762939453,25.549999237060547,25.27300071716309,25.51000022888184,24.83465576171875,18500
ACGLO,2019-12-09,25.549999237060547,25.600000381469727,25.51000022888184,25.549999237060547,24.87359619140625,8900
ACGLO,2019-12-10,25.549999237060547,25.63999938964844,25.459999084472656,25.549999237060547,24.87359619140625,35500
ACGLO,2019-12-11,25.520000457763672,25.68199920654297,25.520000457763672,25.670000076293945,24.990421295166016,9100
ACGLO,2019-12-12,25.36000061035156,25.36000061035156,25.190000534057617,25.31999969482422,24.98154067993164,18900
ACGLO,2019-12-13,25.31999969482422,25.700000762939453,25.28499984741211,25.700000762939453,25.356460571289062,19100
ACGLO,2019-12-16,25.75,25.84000015258789,25.700000762939453,25.84000015258789,25.49458885192871,15100
ACGLO,2019-12-17,25.84000015258789,25.8700008392334,25.670000076293945,25.8700008392334,25.524188995361328,26000
ACGLO,2019-12-18,25.920000076293945,26.0,25.899999618530277,26.0,25.65245056152344,12200
ACGLO,2019-12-19,26.0,26.0,25.84000015258789,25.979999542236328,25.63271713256836,11700
ACGLO,2019-12-20,25.959999084472656,25.959999084472656,25.850000381469727,25.950000762939453,25.60311889648437,9200
ACGLO,2019-12-23,25.950000762939453,25.959999084472656,25.8799991607666,25.959999084472656,25.61298370361328,22100
ACGLO,2019-12-24,25.959999084472656,25.959999084472656,25.78199958801269,25.8799991607666,25.534053802490234,7100
ACGLO,2019-12-26,25.950000762939453,25.950000762939453,25.81999969482422,25.93000030517578,25.583385467529297,12500
ACGLO,2019-12-27,25.950000762939453,25.950000762939453,25.850000381469727,25.899999618530277,25.553787231445312,11300
ACGLO,2019-12-30,25.940000534057617,25.940000534057617,25.75,25.90999984741211,25.56365394592285,13200
ACGLO,2019-12-31,25.920000076293945,25.920000076293945,25.76000022888184,25.790000915527344,25.44525909423828,20000
ACGLO,2020-01-02,25.88999938964844,26.229999542236328,25.8700008392334,26.21999931335449,25.869508743286133,30300
ACGLO,2020-01-03,26.15999984741211,26.239999771118164,26.14299964904785,26.21999931335449,25.869508743286133,13000
ACGLO,2020-01-06,26.18000030517578,26.21999931335449,26.100000381469727,26.15999984741211,25.810312271118164,11700
ACGLO,2020-01-07,26.15999984741211,26.15999984741211,26.0,26.15999984741211,25.810312271118164,15000
ACGLO,2020-01-08,26.1200008392334,26.290000915527344,26.04199981689453,26.229999542236328,25.879375457763672,22600
ACGLO,2020-01-09,26.31999969482422,26.43000030517578,26.2549991607666,26.43000030517578,26.07670211791992,13500
ACGLO,2020-01-10,26.399999618530277,26.459999084472656,26.3799991607666,26.440000534057617,26.08656883239746,19600
ACGLO,2020-01-13,26.440000534057617,26.458999633789062,26.36000061035156,26.40999984741211,26.056968688964844,21700
ACGLO,2020-01-14,26.40999984741211,26.40999984741211,26.184999465942383,26.280000686645508,25.928709030151367,53500
ACGLO,2020-01-15,26.31999969482422,26.3700008392334,26.15999984741211,26.15999984741211,25.810312271118164,41000
ACGLO,2020-01-16,26.26000022888184,26.290000915527344,26.13999938964844,26.13999938964844,25.79057884216309,31400
ACGLO,2020-01-17,26.15999984741211,26.190000534057617,26.09000015258789,26.1299991607666,25.780712127685547,17100
ACGLO,2020-01-21,26.190000534057617,26.190000534057617,26.06999969482422,26.1200008392334,25.77084732055664,18300
ACGLO,2020-01-22,26.229999542236328,26.229999542236328,26.11100006103516,26.13999938964844,25.79057884216309,14000
ACGLO,2020-01-23,26.190000534057617,26.25,26.1200008392334,26.1299991607666,25.780712127685547,16000
ACGLO,2020-01-24,26.190000534057617,26.25,26.07999992370605,26.25,25.89910888671875,35000
ACGLO,2020-01-27,26.190000534057617,26.46999931335449,26.100000381469727,26.46999931335449,26.116167068481445,53800
ACGLO,2020-01-28,26.489999771118164,26.489999771118164,26.299999237060547,26.3700008392334,26.017505645751957,26000
ACGLO,2020-01-29,26.440000534057617,26.479999542236328,26.239999771118164,26.25,25.89910888671875,32600
ACGLO,2020-01-30,26.280000686645508,26.38500022888184,26.25,26.31800079345703,25.96619987487793,21700
ACGLO,2020-01-31,26.38999938964844,26.59000015258789,26.381999969482425,26.59000015258789,26.23456382751465,43000
ACGLO,2020-02-03,26.450000762939453,26.549999237060547,26.450000762939453,26.4950008392334,26.14083480834961,16000
ACGLO,2020-02-04,26.43000030517578,26.59000015258789,26.420000076293945,26.584999084472656,26.22962951660156,25500
ACGLO,2020-02-05,26.59000015258789,26.59000015258789,26.503999710083008,26.59000015258789,26.23456382751465,10000
ACGLO,2020-02-06,26.59000015258789,26.649999618530277,26.545000076293945,26.6299991607666,26.27402877807617,19000
ACGLO,2020-02-07,26.649999618530277,26.729999542236328,26.63800048828125,26.674999237060547,26.31842613220215,16400
ACGLO,2020-02-10,26.649999618530277,26.690000534057617,26.600000381469727,26.6299991607666,26.27402877807617,28800
ACGLO,2020-02-11,26.690000534057617,26.690000534057617,26.600000381469727,26.649999618530277,26.293760299682617,13000
ACGLO,2020-02-12,26.68000030517578,26.68000030517578,26.600000381469727,26.600000381469727,26.244430541992188,35300
ACGLO,2020-02-13,26.690000534057617,26.690000534057617,26.59600067138672,26.643999099731445,26.287841796875,11400
ACGLO,2020-02-14,26.690000534057617,26.690000534057617,26.59000015258789,26.68000030517578,26.323360443115234,32200
ACGLO,2020-02-18,26.68000030517578,26.690000534057617,26.572999954223636,26.687000274658203,26.33026695251465,26700
ACGLO,2020-02-19,26.68000030517578,26.68000030517578,26.51000022888184,26.51000022888184,26.1556339263916,13300
ACGLO,2020-02-20,26.559999465942383,26.6200008392334,26.37700080871582,26.600000381469727,26.244430541992188,33200
ACGLO,2020-02-21,26.63999938964844,26.649999618530277,26.46999931335449,26.549999237060547,26.19509696960449,16100
ACGLO,2020-02-24,26.40999984741211,26.57999992370605,26.309999465942383,26.459999084472656,26.106300354003903,52900
ACGLO,2020-02-25,26.5,26.549999237060547,25.940000534057617,25.940000534057617,25.59325218200684,46300
ACGLO,2020-02-26,26.15999984741211,26.209999084472656,25.899999618530277,25.899999618530277,25.553787231445312,59400
ACGLO,2020-02-27,25.799999237060547,25.959999084472656,25.649999618530277,25.690000534057617,25.346593856811523,43800
ACGLO,2020-02-28,25.690000534057617,25.690000534057617,25.229999542236328,25.229999542236328,24.892742156982425,75600
ACGLO,2020-03-02,25.459999084472656,25.799999237060547,25.32999992370605,25.790000915527344,25.44525909423828,71800
ACGLO,2020-03-03,25.88999938964844,26.899999618530277,25.78499984741211,26.25,25.89910888671875,49900
ACGLO,2020-03-04,26.25,26.46999931335449,25.98500061035156,26.32999992370605,25.9780387878418,19900
ACGLO,2020-03-05,26.32999992370605,26.479999542236328,26.17799949645996,26.399999618530277,26.047103881835938,30100
ACGLO,2020-03-06,26.25,26.450000762939453,26.049999237060547,26.18000030517578,25.83004379272461,46700
ACGLO,2020-03-09,25.399999618530277,25.63599967956543,25.209999084472656,25.34000015258789,25.00127220153809,36100
ACGLO,2020-03-10,25.459999084472656,25.790000915527344,25.31999969482422,25.790000915527344,25.44525909423828,19400
ACGLO,2020-03-11,25.299999237060547,25.63999938964844,25.270000457763672,25.51000022888184,25.16900062561035,35800
ACGLO,2020-03-12,23.450000762939453,23.75,18.729999542236328,23.01000022888184,23.01000022888184,100700
ACGLO,2020-03-13,23.049999237060547,23.420000076293945,22.82999992370605,23.06999969482422,23.06999969482422,54200
ACGLO,2020-03-16,22.84000015258789,22.99099922180176,16.450000762939453,22.1299991607666,22.1299991607666,99100
ACGLO,2020-03-17,22.26000022888184,22.34000015258789,21.5,21.5,21.5,54200
ACGLO,2020-03-18,21.200000762939453,21.200000762939453,16.510000228881836,17.329999923706055,17.329999923706055,49400
ACGLO,2020-03-19,17.329999923706055,18.0,15.25,16.809999465942383,16.809999465942383,147500
ACGLO,2020-03-20,17.649999618530273,19.018999099731445,17.649999618530273,17.8799991607666,17.8799991607666,88600
ACGLO,2020-03-23,17.8799991607666,19.21999931335449,17.183000564575195,19.0,19.0,111100
ACGLO,2020-03-24,20.040000915527344,20.80699920654297,19.020000457763672,19.950000762939453,19.950000762939453,24200
ACGLO,2020-03-25,20.950000762939453,23.270000457763672,20.700000762939453,21.18000030517578,21.18000030517578,57900
ACGLO,2020-03-26,21.989999771118164,23.0,21.5,22.700000762939453,22.700000762939453,71800
ACGLO,2020-03-27,22.700000762939453,22.739999771118164,21.56999969482422,22.125,22.125,57300
ACGLO,2020-03-30,22.450000762939453,22.600000381469727,21.96699905395508,22.479999542236328,22.479999542236328,27900
ACGLO,2020-03-31,22.600000381469727,22.78700065612793,21.90999984741211,22.25,22.25,34700
ACGLO,2020-04-01,21.59000015258789,22.0,21.36000061035156,21.559999465942383,21.559999465942383,65200
