ACGLP,2016-09-23,24.8799991607666,24.979999542236328,24.850000381469727,24.920000076293945,20.497392654418945,3053400
ACGLP,2016-09-26,24.899999618530277,25.0,24.8799991607666,24.93000030517578,20.505619049072266,2308600
ACGLP,2016-09-27,24.950000762939453,25.020000457763672,24.899999618530277,25.0,20.563194274902344,1296100
ACGLP,2016-09-28,24.899999618530277,25.049999237060547,24.899999618530277,25.0,20.563194274902344,303700
ACGLP,2016-09-29,24.959999084472656,25.020000457763672,24.899999618530277,24.920000076293945,20.497392654418945,429900
ACGLP,2016-09-30,24.979999542236328,25.020000457763672,24.850000381469727,24.979999542236328,20.546743392944336,285100
ACGLP,2016-10-03,25.0,25.0,24.809999465942383,24.93000030517578,20.505619049072266,247600
ACGLP,2016-10-04,24.950000762939453,24.979999542236328,24.82999992370605,24.96999931335449,20.53851890563965,541100
ACGLP,2016-10-05,24.93000030517578,24.940000534057617,24.850000381469727,24.899999618530277,20.480941772460938,77500
ACGLP,2016-10-06,24.899999618530277,24.899999618530277,24.61000061035156,24.729999542236328,20.341114044189453,147000
ACGLP,2016-10-07,24.6299991607666,24.709999084472656,24.530000686645508,24.709999084472656,20.32466506958008,114600
ACGLP,2016-10-10,24.709999084472656,24.709999084472656,24.56999969482422,24.65999984741211,20.28353881835937,68200
ACGLP,2016-10-11,24.600000381469727,24.649999618530277,24.15999984741211,24.350000381469727,20.02855110168457,205400
ACGLP,2016-10-12,24.15999984741211,24.46999931335449,24.15999984741211,24.46999931335449,20.12725257873535,173500
ACGLP,2016-10-13,24.5,24.5,24.209999084472656,24.399999618530277,20.069677352905277,99400
ACGLP,2016-10-14,24.399999618530277,24.549999237060547,24.399999618530277,24.520000457763672,20.16838264465332,60600
ACGLP,2016-10-17,24.450000762939453,24.63999938964844,24.350000381469727,24.56999969482422,20.209508895874023,159200
ACGLP,2016-10-18,24.63999938964844,24.649999618530277,24.559999465942383,24.61000061035156,20.24241065979004,53200
ACGLP,2016-10-19,24.700000762939453,24.700000762939453,24.58099937438965,24.670000076293945,20.291763305664062,62600
ACGLP,2016-10-20,24.68000030517578,24.75,24.63999938964844,24.670000076293945,20.291763305664062,79100
ACGLP,2016-10-21,24.600000381469727,24.700000762939453,24.600000381469727,24.700000762939453,20.316436767578125,43800
ACGLP,2016-10-24,24.559999465942383,24.75,24.559999465942383,24.649999618530277,20.275310516357425,60100
ACGLP,2016-10-25,24.549999237060547,24.899999618530277,24.549999237060547,24.809999465942383,20.406917572021484,226000
ACGLP,2016-10-26,24.8700008392334,24.8700008392334,24.739999771118164,24.799999237060547,20.3986873626709,123200
ACGLP,2016-10-27,24.5,24.780000686645508,24.5,24.649999618530277,20.275310516357425,100500
ACGLP,2016-10-28,24.61000061035156,24.649999618530277,24.420000076293945,24.520000457763672,20.16838264465332,40000
ACGLP,2016-10-31,24.59000015258789,24.68000030517578,24.3799991607666,24.3799991607666,20.053226470947266,246500
ACGLP,2016-11-01,24.399999618530277,24.399999618530277,23.850000381469727,23.950000762939453,19.699541091918945,77600
ACGLP,2016-11-02,24.049999237060547,24.049999237060547,23.59000015258789,23.770000457763672,19.55148696899414,94900
ACGLP,2016-11-03,23.88999938964844,23.989999771118164,23.31999969482422,23.40999984741211,19.2553768157959,70700
ACGLP,2016-11-04,23.68000030517578,23.739999771118164,23.270000457763672,23.38999938964844,19.23892593383789,107500
ACGLP,2016-11-07,23.59000015258789,23.670000076293945,23.350000381469727,23.5,19.329402923583984,56600
ACGLP,2016-11-08,23.5,23.5,23.3700008392334,23.489999771118164,19.321178436279297,52400
ACGLP,2016-11-09,23.46999931335449,23.46999931335449,22.670000076293945,23.100000381469727,19.000391006469727,209700
ACGLP,2016-11-10,22.709999084472656,23.15999984741211,21.600000381469727,21.739999771118164,17.881755828857422,245200
ACGLP,2016-11-11,22.0,22.0,21.270000457763672,21.709999084472656,17.857080459594727,109100
ACGLP,2016-11-14,21.739999771118164,21.739999771118164,20.549999237060547,20.709999084472656,17.03455352783203,164100
ACGLP,2016-11-15,21.06999969482422,21.700000762939453,20.93400001525879,21.46999931335449,17.659669876098633,138000
ACGLP,2016-11-16,21.63999938964844,21.989999771118164,21.450000762939453,21.940000534057617,18.046262741088867,130800
ACGLP,2016-11-17,22.0,22.0,21.56999969482422,21.920000076293945,18.029808044433597,196000
ACGLP,2016-11-18,22.0,22.32999992370605,21.63999938964844,21.88999938964844,18.00513458251953,118000
ACGLP,2016-11-21,22.09000015258789,22.190000534057617,21.790000915527344,21.8799991607666,17.996910095214844,117500
ACGLP,2016-11-22,22.1299991607666,22.26000022888184,21.88400077819824,22.100000381469727,18.177865982055664,73500
ACGLP,2016-11-23,22.18000030517578,22.18000030517578,21.790000915527344,22.059999465942383,18.144960403442383,51100
ACGLP,2016-11-25,22.18000030517578,22.190000534057617,21.9689998626709,22.06999969482422,18.15318489074707,14500
ACGLP,2016-11-28,22.18000030517578,22.18000030517578,21.61000061035156,21.8700008392334,17.98868179321289,188400
ACGLP,2016-11-29,21.8700008392334,21.8700008392334,21.56999969482422,21.790000915527344,17.922883987426758,72500
ACGLP,2016-11-30,21.649999618530277,21.670000076293945,21.51000022888184,21.649999618530277,17.807729721069336,121800
ACGLP,2016-12-01,21.600000381469727,21.649999618530277,21.15999984741211,21.31999969482422,17.536291122436523,141700
ACGLP,2016-12-02,21.350000381469727,21.434999465942383,21.13999938964844,21.34000015258789,17.552745819091797,96900
ACGLP,2016-12-05,21.34000015258789,21.43000030517578,21.030000686645508,21.15999984741211,17.404691696166992,145800
ACGLP,2016-12-06,21.21999931335449,21.21999931335449,21.0,21.200000762939453,17.437591552734375,76200
ACGLP,2016-12-07,21.25,21.3700008392334,21.18400001525879,21.299999237060547,17.51984214782715,101400
ACGLP,2016-12-08,21.36000061035156,21.36000061035156,21.1200008392334,21.200000762939453,17.437591552734375,75200
ACGLP,2016-12-09,21.200000762939453,21.290000915527344,21.0,21.170000076293945,17.412912368774414,54700
ACGLP,2016-12-12,21.149999618530277,21.170000076293945,20.799999237060547,20.88999938964844,17.18260955810547,115300
ACGLP,2016-12-13,20.700000762939453,20.780000686645508,20.440000534057617,20.549999237060547,17.18511390686035,203100
ACGLP,2016-12-14,20.600000381469727,20.690000534057617,20.38999938964844,20.459999084472656,17.10984992980957,452100
ACGLP,2016-12-15,20.450000762939453,20.5,20.200000762939453,20.5,17.1433048248291,175100
ACGLP,2016-12-16,20.43000030517578,20.649999618530277,20.43000030517578,20.56999969482422,17.201841354370117,106300
ACGLP,2016-12-19,20.549999237060547,20.84000015258789,20.540000915527344,20.799999237060547,17.39417839050293,243700
ACGLP,2016-12-20,20.68000030517578,20.979999542236328,20.68000030517578,20.950000762939453,17.51961898803711,209700
ACGLP,2016-12-21,20.96999931335449,21.170000076293945,20.84000015258789,21.15999984741211,17.695232391357422,154300
ACGLP,2016-12-22,21.09000015258789,21.5,21.049999237060547,21.34000015258789,17.84575653076172,264900
ACGLP,2016-12-23,21.399999618530277,21.399999618530277,21.18000030517578,21.299999237060547,17.81231117248535,162600
ACGLP,2016-12-27,21.36000061035156,21.36000061035156,21.149999618530277,21.25,17.770498275756836,135200
ACGLP,2016-12-28,21.309999465942383,21.309999465942383,21.030000686645508,21.229999542236328,17.75377082824707,187200
ACGLP,2016-12-29,21.149999618530277,21.280000686645508,21.09000015258789,21.1299991607666,17.670143127441406,271900
ACGLP,2016-12-30,21.13999938964844,21.200000762939453,21.06999969482422,21.1299991607666,17.670143127441406,190100
ACGLP,2017-01-03,21.200000762939453,21.559999465942383,21.170000076293945,21.5,17.979564666748047,145400
ACGLP,2017-01-04,21.59000015258789,22.059999465942383,21.59000015258789,22.0,18.397689819335938,201400
ACGLP,2017-01-05,22.01000022888184,22.239999771118164,21.799999237060547,22.049999237060547,18.43950080871582,180900
ACGLP,2017-01-06,22.059999465942383,22.200000762939453,22.01000022888184,22.11000061035156,18.48967933654785,181900
ACGLP,2017-01-09,22.190000534057617,22.290000915527344,22.06999969482422,22.149999618530277,18.52313232421875,126600
ACGLP,2017-01-10,22.13999938964844,22.190000534057617,22.06999969482422,22.13999938964844,18.514766693115234,95400
ACGLP,2017-01-11,22.1299991607666,22.290000915527344,22.08699989318848,22.25,18.60675430297852,104400
ACGLP,2017-01-12,22.25,22.25,22.18000030517578,22.25,18.60675430297852,100300
ACGLP,2017-01-13,22.26000022888184,22.26000022888184,22.170000076293945,22.25,18.60675430297852,69400
ACGLP,2017-01-17,22.280000686645508,22.36000061035156,22.149999618530277,22.229999542236328,18.590028762817383,117900
ACGLP,2017-01-18,22.229999542236328,22.229999542236328,22.13999938964844,22.200000762939453,18.5649471282959,76900
ACGLP,2017-01-19,22.1200008392334,22.16900062561035,21.8799991607666,21.979999542236328,18.38096618652344,129700
ACGLP,2017-01-20,21.979999542236328,22.200000762939453,21.81999969482422,22.200000762939453,18.5649471282959,2674100
ACGLP,2017-01-23,22.13999938964844,22.25,22.09000015258789,22.18000030517578,18.5482177734375,141400
ACGLP,2017-01-24,22.170000076293945,22.270000457763672,22.1299991607666,22.18000030517578,18.5482177734375,95100
ACGLP,2017-01-25,22.149999618530277,22.149999618530277,21.899999618530277,21.940000534057617,18.34751510620117,64400
ACGLP,2017-01-26,21.979999542236328,22.030000686645508,21.88999938964844,21.979999542236328,18.38096618652344,119100
ACGLP,2017-01-27,22.040000915527344,22.09000015258789,21.84000015258789,22.049999237060547,18.43950080871582,77800
ACGLP,2017-01-30,22.06999969482422,22.06999969482422,21.940000534057617,22.059999465942383,18.44786834716797,58700
ACGLP,2017-01-31,22.11000061035156,22.11000061035156,22.01000022888184,22.030000686645508,18.42277717590332,39100
ACGLP,2017-02-01,22.059999465942383,22.06999969482422,21.940000534057617,22.06999969482422,18.456228256225582,130700
ACGLP,2017-02-02,22.09000015258789,22.13999938964844,22.0,22.13999938964844,18.514766693115234,46300
ACGLP,2017-02-03,22.1200008392334,22.34000015258789,22.059999465942383,22.170000076293945,18.539854049682617,113400
ACGLP,2017-02-06,22.209999084472656,22.209999084472656,22.1200008392334,22.190000534057617,18.55657768249512,72500
ACGLP,2017-02-07,22.149999618530277,22.270000457763672,22.06999969482422,22.270000457763672,18.62348175048828,168200
ACGLP,2017-02-08,22.26000022888184,22.420000076293945,22.26000022888184,22.3700008392334,18.70710563659668,74700
ACGLP,2017-02-09,22.3700008392334,22.489999771118164,22.21999931335449,22.32999992370605,18.67365455627441,126700
ACGLP,2017-02-10,22.25,22.381000518798828,22.25,22.34000015258789,18.682016372680664,79400
ACGLP,2017-02-13,22.34000015258789,22.399999618530277,22.280000686645508,22.36000061035156,18.6987419128418,90500
ACGLP,2017-02-14,22.38999938964844,22.420000076293945,22.09000015258789,22.290000915527344,18.64020538330078,100300
ACGLP,2017-02-15,22.209999084472656,22.32999992370605,22.149999618530277,22.290000915527344,18.64020538330078,90800
ACGLP,2017-02-16,22.299999237060547,22.299999237060547,22.170000076293945,22.21999931335449,18.5816707611084,72100
ACGLP,2017-02-17,22.280000686645508,22.280000686645508,22.190000534057617,22.239999771118164,18.598392486572266,46800
ACGLP,2017-02-21,22.25,22.270000457763672,22.170000076293945,22.239999771118164,18.598392486572266,64500
ACGLP,2017-02-22,22.270000457763672,22.32999992370605,22.190000534057617,22.25,18.60675430297852,81000
ACGLP,2017-02-23,22.270000457763672,22.36000061035156,22.25,22.34000015258789,18.682016372680664,103800
ACGLP,2017-02-24,22.350000381469727,22.479999542236328,22.350000381469727,22.479999542236328,18.79909324645996,90500
ACGLP,2017-02-27,22.549999237060547,22.700000762939453,22.530000686645508,22.600000381469727,18.89944648742676,93100
ACGLP,2017-02-28,22.61000061035156,22.61000061035156,22.399999618530277,22.5,18.815818786621094,124500
ACGLP,2017-03-01,22.40999984741211,22.46999931335449,22.25,22.440000534057617,18.765644073486328,71600
ACGLP,2017-03-02,22.459999084472656,22.489999771118164,22.32999992370605,22.440000534057617,18.765644073486328,310000
ACGLP,2017-03-03,22.440000534057617,22.440000534057617,22.32999992370605,22.420000076293945,18.748918533325195,64300
ACGLP,2017-03-06,22.40999984741211,22.420000076293945,22.309999465942383,22.420000076293945,18.748918533325195,80200
ACGLP,2017-03-07,22.350000381469727,22.399999618530277,22.32999992370605,22.38999938964844,18.72383117675781,42100
ACGLP,2017-03-08,22.200000762939453,22.34000015258789,22.11000061035156,22.190000534057617,18.55657768249512,89400
ACGLP,2017-03-09,22.100000381469727,22.15999984741211,21.920000076293945,22.020000457763672,18.41441535949707,97200
ACGLP,2017-03-10,21.979999542236328,22.104999542236328,21.920000076293945,22.059999465942383,18.44786834716797,66100
ACGLP,2017-03-13,21.920000076293945,21.920000076293945,21.709999084472656,21.809999465942383,18.508115768432617,43700
ACGLP,2017-03-14,21.809999465942383,21.809999465942383,21.65999984741211,21.770000457763672,18.47417640686035,39600
ACGLP,2017-03-15,21.770000457763672,22.049999237060547,21.75,22.049999237060547,18.711782455444336,48600
ACGLP,2017-03-16,21.90999984741211,22.100000381469727,21.90999984741211,22.07999992370605,18.73724365234375,77800
ACGLP,2017-03-17,22.09000015258789,22.09000015258789,21.93000030517578,22.07999992370605,18.73724365234375,61700
ACGLP,2017-03-20,22.07999992370605,22.08799934387207,22.020000457763672,22.06999969482422,18.7287540435791,47800
ACGLP,2017-03-21,22.1200008392334,22.1200008392334,21.899999618530277,21.989999771118164,18.660863876342773,47200
ACGLP,2017-03-22,22.030000686645508,22.11000061035156,21.959999084472656,22.100000381469727,18.754213333129883,56700
ACGLP,2017-03-23,22.0,22.239999771118164,22.0,22.170000076293945,18.81361389160156,57400
ACGLP,2017-03-24,22.18000030517578,22.309999465942383,22.18000030517578,22.26000022888184,18.88998794555664,46800
ACGLP,2017-03-27,22.270000457763672,22.31999969482422,22.149999618530277,22.280000686645508,18.906959533691406,50900
ACGLP,2017-03-28,22.350000381469727,22.420000076293945,22.280000686645508,22.34000015258789,18.95787811279297,55700
ACGLP,2017-03-29,22.399999618530277,22.450000762939453,22.36000061035156,22.38999938964844,19.00030899047852,77100
ACGLP,2017-03-30,22.43000030517578,22.600000381469727,22.3799991607666,22.520000457763672,19.11063003540039,76800
ACGLP,2017-03-31,22.549999237060547,22.709999084472656,22.520000457763672,22.63999938964844,19.21245765686035,155200
ACGLP,2017-04-03,22.65999984741211,23.04700088500977,22.65999984741211,22.96999931335449,19.49249839782715,208500
ACGLP,2017-04-04,22.96999931335449,23.03899955749512,22.8700008392334,22.940000534057617,19.467041015625,96100
ACGLP,2017-04-05,23.0,23.049999237060547,22.82999992370605,22.899999618530277,19.43309593200684,148600
ACGLP,2017-04-06,22.899999618530277,22.950000762939453,22.84000015258789,22.950000762939453,19.475534439086918,86400
ACGLP,2017-04-07,22.979999542236328,22.989999771118164,22.899999618530277,22.93000030517578,19.458559036254883,38700
ACGLP,2017-04-10,23.0,23.040000915527344,22.950000762939453,22.989999771118164,19.50947380065918,36800
ACGLP,2017-04-11,22.989999771118164,23.049999237060547,22.899999618530277,23.0,19.517961502075195,145100
ACGLP,2017-04-12,23.040000915527344,23.100000381469727,23.020000457763672,23.059999465942383,19.56887435913086,77200
ACGLP,2017-04-13,23.11000061035156,23.290000915527344,23.020000457763672,23.13999938964844,19.636762619018555,453000
ACGLP,2017-04-17,23.059999465942383,23.270000457763672,23.0,23.049999237060547,19.56038856506348,1268800
ACGLP,2017-04-18,23.040000915527344,23.06999969482422,22.850000381469727,22.979999542236328,19.500986099243164,79000
ACGLP,2017-04-19,23.100000381469727,23.100000381469727,22.920000076293945,22.940000534057617,19.467041015625,47200
ACGLP,2017-04-20,22.989999771118164,22.989999771118164,22.920000076293945,22.96999931335449,19.49249839782715,46000
ACGLP,2017-04-21,23.0,23.049999237060547,22.979999542236328,23.049999237060547,19.56038856506348,42200
ACGLP,2017-04-24,23.200000762939453,23.200000762939453,23.049999237060547,23.07999992370605,19.585844039916992,32900
ACGLP,2017-04-25,23.190000534057617,23.190000534057617,22.940000534057617,23.030000686645508,19.543420791625977,66500
ACGLP,2017-04-26,23.06999969482422,23.1299991607666,22.940000534057617,23.1200008392334,19.619792938232425,127600
ACGLP,2017-04-27,23.11000061035156,23.11000061035156,22.961000442504883,23.100000381469727,19.60282325744629,42200
ACGLP,2017-04-28,23.100000381469727,23.15999984741211,23.04599952697754,23.100000381469727,19.60282325744629,52500
ACGLP,2017-05-01,23.100000381469727,23.1299991607666,23.030000686645508,23.1299991607666,19.62827682495117,34100
ACGLP,2017-05-02,23.13999938964844,23.149999618530277,23.07999992370605,23.13999938964844,19.636762619018555,36900
ACGLP,2017-05-03,23.149999618530277,23.229999542236328,23.06999969482422,23.229999542236328,19.713134765625,38100
ACGLP,2017-05-04,23.21999931335449,23.21999931335449,23.06999969482422,23.06999969482422,19.57736015319824,59100
ACGLP,2017-05-05,23.100000381469727,23.13999938964844,23.06999969482422,23.06999969482422,19.57736015319824,57500
ACGLP,2017-05-08,23.100000381469727,23.209999084472656,23.100000381469727,23.209999084472656,19.696165084838867,366600
ACGLP,2017-05-09,23.229999542236328,23.299999237060547,23.190000534057617,23.25,19.73011016845703,47500
ACGLP,2017-05-10,23.290000915527344,23.290000915527344,23.21999931335449,23.270000457763672,19.747085571289062,39500
ACGLP,2017-05-11,23.280000686645508,23.450000762939453,23.26000022888184,23.450000762939453,19.899831771850582,86000
ACGLP,2017-05-12,23.399999618530277,23.729999542236328,23.363000869750977,23.690000534057617,20.103496551513672,68600
ACGLP,2017-05-15,23.559999465942383,23.899999618530277,23.559999465942383,23.850000381469727,20.23927497863769,58700
ACGLP,2017-05-16,23.86000061035156,23.86000061035156,23.76000022888184,23.799999237060547,20.19684600830078,58200
ACGLP,2017-05-17,23.799999237060547,23.82999992370605,23.690000534057617,23.799999237060547,20.19684600830078,180100
ACGLP,2017-05-18,23.799999237060547,23.799999237060547,23.709999084472656,23.709999084472656,20.120471954345703,32800
ACGLP,2017-05-19,23.780000686645508,23.82999992370605,23.729999542236328,23.75,20.15441131591797,109500
ACGLP,2017-05-22,23.850000381469727,23.850000381469727,23.75,23.770000457763672,20.171384811401367,36700
ACGLP,2017-05-23,23.850000381469727,23.850000381469727,23.770000457763672,23.799999237060547,20.19684600830078,38300
ACGLP,2017-05-24,23.850000381469727,23.8700008392334,23.7549991607666,23.790000915527344,20.188356399536133,150400
ACGLP,2017-05-25,23.809999465942383,23.86199951171875,23.75,23.809999465942383,20.20532989501953,27000
ACGLP,2017-05-26,23.86000061035156,23.8799991607666,23.790000915527344,23.84000015258789,20.230789184570312,29700
ACGLP,2017-05-30,23.8799991607666,23.93000030517578,23.809999465942383,23.93000030517578,20.307165145874023,39100
ACGLP,2017-05-31,23.950000762939453,23.989999771118164,23.899999618530277,23.96999931335449,20.341108322143555,42100
ACGLP,2017-06-01,24.0,24.06999969482422,23.96999931335449,24.01000022888184,20.37505531311035,51200
ACGLP,2017-06-02,24.040000915527344,24.15999984741211,24.040000915527344,24.1200008392334,20.46839714050293,96300
ACGLP,2017-06-05,24.149999618530277,24.229999542236328,24.100000381469727,24.11000061035156,20.45991325378418,35900
ACGLP,2017-06-06,24.149999618530277,24.15999984741211,24.059999465942383,24.100000381469727,20.451425552368164,44200
ACGLP,2017-06-07,24.13999938964844,24.179000854492188,24.128999710083008,24.15999984741211,20.502344131469727,26900
ACGLP,2017-06-08,24.200000762939453,24.229999542236328,24.03199958801269,24.1200008392334,20.46839714050293,94200
ACGLP,2017-06-09,24.149999618530277,24.2189998626709,24.1299991607666,24.1299991607666,20.476882934570312,35300
ACGLP,2017-06-12,24.229999542236328,24.229999542236328,24.07999992370605,24.1299991607666,20.476882934570312,54400
ACGLP,2017-06-13,23.899999618530277,23.920000076293945,23.799999237060547,23.895000457763672,20.55689239501953,67900
ACGLP,2017-06-14,23.93000030517578,24.059999465942383,23.8799991607666,23.989999771118164,20.638622283935547,75200
ACGLP,2017-06-15,24.020000457763672,24.049999237060547,23.899999618530277,23.950000762939453,20.604209899902344,59200
ACGLP,2017-06-16,24.030000686645508,24.030000686645508,23.950000762939453,23.959999084472656,20.612808227539062,42800
ACGLP,2017-06-19,24.0,24.190000534057617,23.983999252319336,24.170000076293945,20.79347419738769,62100
ACGLP,2017-06-20,24.170000076293945,24.190000534057617,24.07999992370605,24.149999618530277,20.77627182006836,51300
ACGLP,2017-06-21,24.149999618530277,24.21999931335449,24.100000381469727,24.209999084472656,20.82788848876953,52700
ACGLP,2017-06-22,24.25,24.290000915527344,24.11000061035156,24.200000762939453,20.81928253173828,95800
ACGLP,2017-06-23,24.200000762939453,24.31999969482422,24.200000762939453,24.290000915527344,20.896711349487305,44000
ACGLP,2017-06-26,24.309999465942383,24.600000381469727,24.309999465942383,24.450000762939453,21.034358978271484,94200
ACGLP,2017-06-27,24.549999237060547,24.739999771118164,24.5,24.59000015258789,21.154804229736328,137700
ACGLP,2017-06-28,24.600000381469727,24.65999984741211,24.450000762939453,24.46999931335449,21.05156707763672,125700
ACGLP,2017-06-29,24.5,24.5,24.26000022888184,24.290000915527344,20.896711349487305,87900
ACGLP,2017-06-30,24.31999969482422,24.3799991607666,24.301000595092773,24.3700008392334,20.965538024902344,47300
ACGLP,2017-07-03,24.3799991607666,24.40999984741211,24.371999740600582,24.38999938964844,20.982738494873047,8100
ACGLP,2017-07-05,24.40999984741211,24.540000915527344,24.399999618530277,24.530000686645508,21.10318374633789,41800
ACGLP,2017-07-06,24.489999771118164,24.700000762939453,24.459999084472656,24.549999237060547,21.12038803100586,103700
ACGLP,2017-07-07,24.540000915527344,24.59000015258789,24.450000762939453,24.549999237060547,21.12038803100586,19500
ACGLP,2017-07-10,24.549999237060547,24.6200008392334,24.399999618530277,24.40999984741211,20.999948501586918,48300
ACGLP,2017-07-11,24.399999618530277,24.5,24.350000381469727,24.36000061035156,20.956932067871094,51700
ACGLP,2017-07-12,24.36000061035156,24.479999542236328,24.239999771118164,24.239999771118164,20.853694915771484,54800
ACGLP,2017-07-13,24.32999992370605,24.46999931335449,24.299999237060547,24.350000381469727,20.94832992553711,40200
ACGLP,2017-07-14,24.459999084472656,24.489999771118164,24.270000457763672,24.3799991607666,20.97413825988769,39100
ACGLP,2017-07-17,24.450000762939453,24.5,24.38999938964844,24.399999618530277,20.991342544555664,62600
ACGLP,2017-07-18,24.420000076293945,24.489999771118164,24.3700008392334,24.399999618530277,20.991342544555664,78400
ACGLP,2017-07-19,24.450000762939453,24.540000915527344,24.420000076293945,24.440000534057617,21.02576065063477,54700
ACGLP,2017-07-20,24.459999084472656,24.530000686645508,24.450000762939453,24.479999542236328,21.06016731262207,68700
ACGLP,2017-07-21,24.530000686645508,24.559999465942383,24.489999771118164,24.559999465942383,21.128990173339844,68500
ACGLP,2017-07-24,24.57999992370605,24.57999992370605,24.5,24.530000686645508,21.10318374633789,72800
ACGLP,2017-07-25,24.57999992370605,24.57999992370605,24.3700008392334,24.3700008392334,20.965538024902344,55900
ACGLP,2017-07-26,24.479999542236328,24.549999237060547,24.37700080871582,24.549999237060547,21.12038803100586,41500
ACGLP,2017-07-27,24.57999992370605,24.57999992370605,24.452999114990234,24.541000366210938,21.11264419555664,30900
ACGLP,2017-07-28,24.5,24.57999992370605,24.5,24.520000457763672,21.094581604003903,31300
ACGLP,2017-07-31,24.57999992370605,24.649999618530277,24.520000457763672,24.6200008392334,21.180612564086918,67500
ACGLP,2017-08-01,24.6200008392334,24.6200008392334,24.43000030517578,24.489999771118164,21.06876945495605,151400
ACGLP,2017-08-02,24.549999237060547,24.549999237060547,24.450000762939453,24.5,21.07737159729004,82500
ACGLP,2017-08-03,24.51000022888184,24.57999992370605,24.488000869750977,24.5,21.07737159729004,174000
ACGLP,2017-08-04,24.530000686645508,24.57999992370605,24.43000030517578,24.46999931335449,21.05156707763672,62200
ACGLP,2017-08-07,24.46999931335449,24.530000686645508,24.43000030517578,24.489999771118164,21.06876945495605,47800
ACGLP,2017-08-08,24.540000915527344,24.540000915527344,24.46999931335449,24.46999931335449,21.05156707763672,27700
ACGLP,2017-08-09,24.5,24.5,24.450000762939453,24.46999931335449,21.05156707763672,37100
ACGLP,2017-08-10,24.46999931335449,24.49799919128418,24.149999618530277,24.270000457763672,20.87950325012207,112500
ACGLP,2017-08-11,24.399999618530277,24.399999618530277,24.25,24.36000061035156,20.956932067871094,46300
ACGLP,2017-08-14,24.399999618530277,24.468000411987305,24.229999542236328,24.299999237060547,20.90531349182129,75100
ACGLP,2017-08-15,24.36000061035156,24.450000762939453,24.325000762939453,24.43000030517578,21.017152786254883,32400
ACGLP,2017-08-16,24.46999931335449,24.46999931335449,24.40999984741211,24.43000030517578,21.017152786254883,46900
ACGLP,2017-08-17,24.46999931335449,24.520000457763672,24.44599914550781,24.5,21.07737159729004,72100
ACGLP,2017-08-18,24.600000381469727,24.600000381469727,24.51000022888184,24.600000381469727,21.163402557373047,103800
ACGLP,2017-08-21,24.6200008392334,24.649999618530277,24.530000686645508,24.540000915527344,21.111787796020508,48100
ACGLP,2017-08-22,24.57999992370605,24.63999938964844,24.549999237060547,24.600000381469727,21.163402557373047,59500
ACGLP,2017-08-23,24.600000381469727,24.6299991607666,24.600000381469727,24.6200008392334,21.180612564086918,37100
ACGLP,2017-08-24,24.6200008392334,24.690000534057617,24.61000061035156,24.6200008392334,21.180612564086918,48400
ACGLP,2017-08-25,24.670000076293945,24.690000534057617,24.6299991607666,24.68000030517578,21.23222923278809,31000
ACGLP,2017-08-28,24.690000534057617,24.690000534057617,24.600000381469727,24.63999938964844,21.197813034057617,57300
ACGLP,2017-08-29,24.670000076293945,24.71999931335449,24.600000381469727,24.600000381469727,21.163402557373047,70700
ACGLP,2017-08-30,24.700000762939453,24.700000762939453,24.618000030517575,24.65999984741211,21.21502494812012,50000
ACGLP,2017-08-31,24.700000762939453,24.739999771118164,24.649999618530277,24.739999771118164,21.283845901489254,44800
ACGLP,2017-09-01,24.75,24.790000915527344,24.690000534057617,24.690000534057617,21.240833282470703,40300
ACGLP,2017-09-05,24.76000022888184,24.799999237060547,24.63999938964844,24.63999938964844,21.197813034057617,145700
ACGLP,2017-09-06,24.729999542236328,24.739999771118164,24.670000076293945,24.690000534057617,21.240833282470703,34100
ACGLP,2017-09-07,24.729999542236328,24.729999542236328,24.43000030517578,24.63999938964844,21.197813034057617,152900
ACGLP,2017-09-08,24.63999938964844,24.71999931335449,24.59000015258789,24.61000061035156,21.17201042175293,42500
ACGLP,2017-09-11,24.700000762939453,24.90999984741211,24.690000534057617,24.90999984741211,21.430099487304688,36900
ACGLP,2017-09-12,24.899999618530277,24.899999618530277,24.843000411987305,24.899999618530277,21.42149543762207,41000
ACGLP,2017-09-13,24.899999618530277,24.96199989318848,24.899999618530277,24.920000076293945,21.438701629638672,54100
ACGLP,2017-09-14,24.68000030517578,24.690000534057617,24.57999992370605,24.59000015258789,21.43695640563965,40500
ACGLP,2017-09-15,24.63999938964844,24.700000762939453,24.600000381469727,24.645000457763672,21.48490524291992,45600
ACGLP,2017-09-18,24.700000762939453,24.700000762939453,24.600000381469727,24.6200008392334,21.46311378479004,27200
ACGLP,2017-09-19,24.600000381469727,24.600000381469727,24.51000022888184,24.549999237060547,21.40208625793457,69700
ACGLP,2017-09-20,24.600000381469727,24.68000030517578,24.566999435424805,24.649999618530277,21.48926544189453,145600
ACGLP,2017-09-21,24.68000030517578,24.76000022888184,24.670000076293945,24.700000762939453,21.532854080200195,57800
ACGLP,2017-09-22,24.71999931335449,24.71999931335449,24.6299991607666,24.649999618530277,21.48926544189453,59000
ACGLP,2017-09-25,24.71999931335449,24.71999931335449,24.64900016784668,24.65999984741211,21.49798393249512,60700
ACGLP,2017-09-26,24.71999931335449,24.71999931335449,24.600000381469727,24.63500022888184,21.476184844970703,77200
ACGLP,2017-09-27,24.75,24.75,24.6200008392334,24.6299991607666,21.47182846069336,139800
ACGLP,2017-09-28,24.71999931335449,24.71999931335449,24.63999938964844,24.68000030517578,21.515417098999023,84800
ACGLP,2017-09-29,24.71999931335449,24.71999931335449,24.65999984741211,24.700000762939453,21.532854080200195,65600
ACGLP,2017-10-02,24.81999969482422,24.8700008392334,24.75,24.75,21.576440811157227,219100
ACGLP,2017-10-03,24.84000015258789,24.850000381469727,24.799999237060547,24.809999465942383,21.62874794006348,182900
ACGLP,2017-10-04,24.899999618530277,24.899999618530277,24.799999237060547,24.809999465942383,21.62874794006348,47200
ACGLP,2017-10-05,24.899999618530277,24.899999618530277,24.82999992370605,24.82999992370605,21.64618492126465,64900
ACGLP,2017-10-06,24.950000762939453,24.950000762939453,24.799999237060547,24.799999237060547,21.620031356811523,115800
ACGLP,2017-10-09,24.8799991607666,24.88999938964844,24.71999931335449,24.729999542236328,21.559005737304688,40900
ACGLP,2017-10-10,24.739999771118164,24.809999465942383,24.61000061035156,24.68000030517578,21.515417098999023,83600
ACGLP,2017-10-11,24.82999992370605,24.82999992370605,24.709999084472656,24.82999992370605,21.64618492126465,81300
ACGLP,2017-10-12,24.82999992370605,24.82999992370605,24.76000022888184,24.790000915527344,21.611310958862305,40100
ACGLP,2017-10-13,24.8700008392334,24.8799991607666,24.729999542236328,24.82999992370605,21.64618492126465,812100
ACGLP,2017-10-16,24.88999938964844,24.920000076293945,24.8700008392334,24.88999938964844,21.698490142822266,165400
ACGLP,2017-10-17,24.950000762939453,24.950000762939453,24.809999465942383,24.86000061035156,21.67233657836914,80100
ACGLP,2017-10-18,24.96999931335449,24.96999931335449,24.850000381469727,24.90999984741211,21.715925216674805,57300
ACGLP,2017-10-19,24.950000762939453,24.950000762939453,24.891000747680664,24.93000030517578,21.73335838317871,47800
ACGLP,2017-10-20,24.96999931335449,24.96999931335449,24.899999618530277,24.96999931335449,21.768230438232425,139700
ACGLP,2017-10-23,24.989999771118164,24.989999771118164,24.899999618530277,24.950000762939453,21.75079917907715,38900
ACGLP,2017-10-24,24.979999542236328,24.979999542236328,24.899999618530277,24.950000762939453,21.75079917907715,66300
ACGLP,2017-10-25,24.950000762939453,24.950000762939453,24.709999084472656,24.76000022888184,21.58516311645508,227500
ACGLP,2017-10-26,24.84000015258789,24.84000015258789,24.770000457763672,24.809999465942383,21.62874794006348,51100
ACGLP,2017-10-27,24.850000381469727,24.850000381469727,24.809999465942383,24.82999992370605,21.64618492126465,17400
ACGLP,2017-10-30,24.8700008392334,24.899999618530277,24.850000381469727,24.850000381469727,21.663619995117188,30500
ACGLP,2017-10-31,24.899999618530277,24.940000534057617,24.86000061035156,24.90999984741211,21.715925216674805,51000
ACGLP,2017-11-01,24.979999542236328,25.0,24.920000076293945,24.959999084472656,21.75951385498047,100500
ACGLP,2017-11-02,25.0,25.0,24.86000061035156,24.90999984741211,21.715925216674805,119900
ACGLP,2017-11-03,25.020000457763672,25.020000457763672,24.90999984741211,24.93000030517578,21.73335838317871,84400
ACGLP,2017-11-06,24.959999084472656,24.959999084472656,24.850000381469727,24.8799991607666,21.689773559570312,48200
ACGLP,2017-11-07,24.959999084472656,24.959999084472656,24.790000915527344,24.799999237060547,21.620031356811523,195100
ACGLP,2017-11-08,24.850000381469727,24.8799991607666,24.790000915527344,24.799999237060547,21.620031356811523,68200
ACGLP,2017-11-09,24.799999237060547,24.799999237060547,24.690000534057617,24.700000762939453,21.532854080200195,70900
ACGLP,2017-11-10,24.799999237060547,24.82999992370605,24.71999931335449,24.799999237060547,21.620031356811523,43500
ACGLP,2017-11-13,24.84000015258789,24.84000015258789,24.76000022888184,24.809999465942383,21.62874794006348,55200
ACGLP,2017-11-14,24.850000381469727,24.8700008392334,24.81999969482422,24.84000015258789,21.65489959716797,51400
ACGLP,2017-11-15,24.8700008392334,24.8700008392334,24.809999465942383,24.84000015258789,21.65489959716797,29700
ACGLP,2017-11-16,24.850000381469727,24.8700008392334,24.809999465942383,24.84000015258789,21.65489959716797,36900
ACGLP,2017-11-17,24.899999618530277,24.950000762939453,24.8799991607666,24.950000762939453,21.75079917907715,71600
ACGLP,2017-11-20,24.959999084472656,25.040000915527344,24.959999084472656,24.989999771118164,21.78566551208496,94700
ACGLP,2017-11-21,25.01000022888184,25.049999237060547,24.979999542236328,25.02400016784668,21.815309524536133,36200
ACGLP,2017-11-22,25.07999992370605,25.13999938964844,25.049999237060547,25.13999938964844,21.916433334350582,39300
ACGLP,2017-11-24,25.149999618530277,25.190000534057617,25.06999969482422,25.1200008392334,21.898998260498047,47400
ACGLP,2017-11-27,25.13999938964844,25.13999938964844,25.059999465942383,25.059999465942383,21.846689224243164,28700
ACGLP,2017-11-28,25.100000381469727,25.149999618530277,25.049999237060547,25.049999237060547,21.837974548339844,44900
ACGLP,2017-11-29,25.049999237060547,25.049999237060547,24.959999084472656,25.01000022888184,21.8031005859375,50100
ACGLP,2017-11-30,25.09000015258789,25.1200008392334,25.030000686645508,25.030000686645508,21.820541381835938,43700
ACGLP,2017-12-01,25.1299991607666,25.15999984741211,25.030000686645508,25.040000915527344,21.82925796508789,57300
ACGLP,2017-12-04,25.100000381469727,25.149999618530277,25.030000686645508,25.149999618530277,21.92515182495117,230600
ACGLP,2017-12-05,25.149999618530277,25.15999984741211,25.059999465942383,25.11000061035156,21.89027976989746,32800
ACGLP,2017-12-06,25.149999618530277,25.170000076293945,25.11000061035156,25.170000076293945,21.942588806152344,29300
ACGLP,2017-12-07,25.200000762939453,25.229999542236328,25.170000076293945,25.209999084472656,21.97745704650879,34000
ACGLP,2017-12-08,25.25,25.25,25.190000534057617,25.209999084472656,21.97745704650879,40200
ACGLP,2017-12-11,25.209999084472656,25.25,25.15999984741211,25.15999984741211,21.93387031555176,40100
ACGLP,2017-12-12,25.200000762939453,25.21999931335449,25.149999618530277,25.149999618530277,21.92515182495117,40300
ACGLP,2017-12-13,25.209999084472656,25.209999084472656,25.07999992370605,25.18000030517578,21.951303482055664,116300
ACGLP,2017-12-14,25.21999931335449,25.21999931335449,25.030000686645508,25.07999992370605,22.15269470214844,134600
ACGLP,2017-12-15,25.170000076293945,25.170000076293945,25.0,25.11000061035156,22.17919540405273,36100
ACGLP,2017-12-18,25.15999984741211,25.15999984741211,25.100000381469727,25.11000061035156,22.17919540405273,31700
ACGLP,2017-12-19,25.13999938964844,25.18000030517578,25.020000457763672,25.1299991607666,22.19685935974121,35100
ACGLP,2017-12-20,25.190000534057617,25.190000534057617,25.01000022888184,25.01000022888184,22.090864181518555,69500
ACGLP,2017-12-21,25.0,25.059999465942383,24.959999084472656,24.959999084472656,22.04669952392578,64000
ACGLP,2017-12-22,25.020000457763672,25.049999237060547,25.0,25.030000686645508,22.108530044555664,19300
ACGLP,2017-12-26,25.100000381469727,25.17200088500977,25.049999237060547,25.059999465942383,22.135028839111328,27200
ACGLP,2017-12-27,25.100000381469727,25.100000381469727,25.049999237060547,25.100000381469727,22.170360565185547,18100
ACGLP,2017-12-28,25.190000534057617,25.190000534057617,25.07999992370605,25.11000061035156,22.17919540405273,28500
ACGLP,2017-12-29,25.149999618530277,25.149999618530277,25.0,25.1200008392334,22.188026428222656,50600
ACGLP,2018-01-02,25.200000762939453,25.200000762939453,24.84000015258789,24.84000015258789,21.94070625305176,92200
ACGLP,2018-01-03,24.950000762939453,25.025999069213867,24.799999237060547,24.86000061035156,21.958370208740234,91300
ACGLP,2018-01-04,24.940000534057617,25.01000022888184,24.88999938964844,24.940000534057617,22.029033660888672,131500
ACGLP,2018-01-05,25.0,25.01000022888184,24.959999084472656,24.959999084472656,22.04669952392578,42900
ACGLP,2018-01-08,25.049999237060547,25.049999237060547,24.940000534057617,24.989999771118164,22.07320022583008,67800
ACGLP,2018-01-09,24.989999771118164,25.0,24.950000762939453,24.979999542236328,22.06436538696289,44900
ACGLP,2018-01-10,24.979999542236328,25.0,24.959999084472656,24.979999542236328,22.06436538696289,92400
ACGLP,2018-01-11,25.07999992370605,25.07999992370605,25.0,25.06999969482422,22.14385986328125,57600
ACGLP,2018-01-12,25.06999969482422,25.06999969482422,24.950000762939453,24.989999771118164,22.07320022583008,34700
ACGLP,2018-01-16,25.0,25.049999237060547,24.86000061035156,24.959999084472656,22.04669952392578,65000
ACGLP,2018-01-17,25.01000022888184,25.01000022888184,24.809999465942383,24.84000015258789,21.94070625305176,66600
ACGLP,2018-01-18,24.850000381469727,24.85400009155273,24.540000915527344,24.690000534057617,21.808216094970703,79300
ACGLP,2018-01-19,24.75,24.96999931335449,24.63999938964844,24.86000061035156,21.958370208740234,124800
ACGLP,2018-01-22,24.88999938964844,24.88999938964844,24.75,24.8700008392334,21.96720695495605,43600
ACGLP,2018-01-23,24.850000381469727,24.851999282836918,24.729999542236328,24.790000915527344,21.896541595458984,23800
ACGLP,2018-01-24,24.76000022888184,24.8700008392334,24.40999984741211,24.40999984741211,21.56089401245117,125900
ACGLP,2018-01-25,24.700000762939453,24.700000762939453,24.25,24.299999237060547,21.46373176574707,101500
ACGLP,2018-01-26,24.32999992370605,24.36000061035156,24.059999465942383,24.1200008392334,21.304744720458984,50300
ACGLP,2018-01-29,24.0,24.0,23.36000061035156,23.5,20.75710868835449,169800
ACGLP,2018-01-30,23.40999984741211,23.5,23.059999465942383,23.06999969482422,20.37730026245117,107300
ACGLP,2018-01-31,23.200000762939453,23.399999618530277,23.190000534057617,23.309999465942383,20.589284896850582,48400
ACGLP,2018-02-01,23.479999542236328,23.520000457763672,23.31999969482422,23.34000015258789,20.61578369140625,55700
ACGLP,2018-02-02,23.450000762939453,23.452999114990234,23.0,23.1200008392334,20.421463012695312,194200
ACGLP,2018-02-05,23.200000762939453,23.200000762939453,22.90999984741211,23.0,20.315467834472656,72300
ACGLP,2018-02-06,23.149999618530277,23.149999618530277,22.899999618530277,23.07999992370605,20.38612937927246,71700
ACGLP,2018-02-07,23.209999084472656,23.31999969482422,23.1200008392334,23.13999938964844,20.439128875732425,73500
ACGLP,2018-02-08,23.200000762939453,23.299999237060547,23.05699920654297,23.06999969482422,20.37730026245117,180800
ACGLP,2018-02-09,23.299999237060547,23.299999237060547,22.75,23.040000915527344,20.350801467895508,185500
ACGLP,2018-02-12,23.07999992370605,23.149999618530277,23.06999969482422,23.1299991607666,20.430294036865234,69800
ACGLP,2018-02-13,23.25,23.350000381469727,23.18000030517578,23.18000030517578,20.47446060180664,51900
ACGLP,2018-02-14,23.299999237060547,23.299999237060547,22.934999465942383,22.96999931335449,20.288969039916992,49500
ACGLP,2018-02-15,22.90999984741211,23.030000686645508,22.75,22.899999618530277,20.227140426635746,89400
ACGLP,2018-02-16,22.84000015258789,23.0,22.84000015258789,22.94499969482422,20.266891479492188,30900
ACGLP,2018-02-20,22.940000534057617,22.96500015258789,22.850000381469727,22.899999618530277,20.227140426635746,64200
ACGLP,2018-02-21,23.0,23.1200008392334,23.0,23.020000457763672,20.3331356048584,61700
ACGLP,2018-02-22,23.149999618530277,23.149999618530277,23.06999969482422,23.07999992370605,20.38612937927246,44800
ACGLP,2018-02-23,23.1200008392334,23.280000686645508,23.1200008392334,23.26000022888184,20.545122146606445,21300
ACGLP,2018-02-26,23.34000015258789,23.440000534057617,23.11000061035156,23.1200008392334,20.421463012695312,89500
ACGLP,2018-02-27,23.190000534057617,23.270000457763672,23.15999984741211,23.270000457763672,20.553956985473636,73600
ACGLP,2018-02-28,23.280000686645508,23.31999969482422,23.165000915527344,23.31999969482422,20.598115921020508,40100
ACGLP,2018-03-01,23.420000076293945,23.520000457763672,23.36000061035156,23.479999542236328,20.739442825317383,61200
ACGLP,2018-03-02,23.5,23.57999992370605,23.450000762939453,23.540000915527344,20.792442321777344,224600
ACGLP,2018-03-05,23.690000534057617,23.86000061035156,23.6200008392334,23.86000061035156,21.075092315673828,33300
ACGLP,2018-03-06,23.899999618530277,24.0,23.86000061035156,23.86000061035156,21.075092315673828,27700
ACGLP,2018-03-07,24.0,24.01000022888184,23.90999984741211,23.96999931335449,21.17224884033203,63500
ACGLP,2018-03-08,24.1299991607666,24.18000030517578,24.049999237060547,24.18000030517578,21.35774040222168,45700
ACGLP,2018-03-09,24.450000762939453,24.450000762939453,24.299999237060547,24.38999938964844,21.54323005676269,53200
ACGLP,2018-03-12,24.540000915527344,24.540000915527344,24.299999237060547,24.399999618530277,21.55206298828125,68700
ACGLP,2018-03-13,24.450000762939453,24.5,24.31999969482422,24.36000061035156,21.5167293548584,67700
ACGLP,2018-03-14,24.270000457763672,24.280000686645508,24.15999984741211,24.239999771118164,21.702957153320312,66400
ACGLP,2018-03-15,24.270000457763672,24.270000457763672,24.149999618530277,24.229999542236328,21.69400787353516,48900
ACGLP,2018-03-16,24.239999771118164,24.25,24.15999984741211,24.25,21.711915969848636,32900
ACGLP,2018-03-19,24.26000022888184,24.26000022888184,24.1200008392334,24.209999084472656,21.676101684570312,40300
ACGLP,2018-03-20,24.25,24.26000022888184,24.190000534057617,24.190000534057617,21.65819549560547,23300
ACGLP,2018-03-21,24.229999542236328,24.229999542236328,24.100000381469727,24.209999084472656,21.676101684570312,23400
ACGLP,2018-03-22,24.209999084472656,24.209999084472656,24.100000381469727,24.11000061035156,21.58656883239746,25600
ACGLP,2018-03-23,24.18000030517578,24.200000762939453,24.07999992370605,24.13999938964844,21.613426208496094,24900
ACGLP,2018-03-26,24.149999618530277,24.170000076293945,24.049999237060547,24.059999465942383,21.54179954528809,40100
ACGLP,2018-03-27,24.1200008392334,24.145000457763672,24.059999465942383,24.100000381469727,21.577611923217773,57800
ACGLP,2018-03-28,24.149999618530277,24.149999618530277,24.059999465942383,24.100000381469727,21.577611923217773,29200
ACGLP,2018-03-29,24.149999618530277,24.270000457763672,24.11000061035156,24.270000457763672,21.72982215881348,28900
ACGLP,2018-04-02,24.399999618530277,24.399999618530277,24.229999542236328,24.32999992370605,21.783540725708008,68800
ACGLP,2018-04-03,24.25,24.25,24.100000381469727,24.15999984741211,21.631332397460938,40800
ACGLP,2018-04-04,24.1299991607666,24.16399955749512,24.0,24.149999618530277,21.62238121032715,102500
ACGLP,2018-04-05,24.13999938964844,24.13999938964844,24.01000022888184,24.100000381469727,21.577611923217773,25600
ACGLP,2018-04-06,24.07999992370605,24.07999992370605,23.850000381469727,23.989999771118164,21.4791259765625,20700
ACGLP,2018-04-09,23.799999237060547,23.799999237060547,23.709999084472656,23.709999084472656,21.22843170166016,35100
ACGLP,2018-04-10,23.56999969482422,23.76000022888184,23.559999465942383,23.559999465942383,21.094133377075195,44300
ACGLP,2018-04-11,23.75,23.8700008392334,23.71999931335449,23.780000686645508,21.29110717773437,26000
ACGLP,2018-04-12,23.899999618530277,23.899999618530277,23.80500030517578,23.8700008392334,21.371686935424805,32600
ACGLP,2018-04-13,23.899999618530277,23.899999618530277,23.770000457763672,23.81999969482422,21.326919555664062,37300
ACGLP,2018-04-16,23.88999938964844,23.88999938964844,23.799999237060547,23.84000015258789,21.34482955932617,22600
ACGLP,2018-04-17,24.0,24.00200080871582,23.86000061035156,23.979999542236328,21.47017288208008,53300
ACGLP,2018-04-18,24.0,24.0,23.850000381469727,23.940000534057617,21.434362411499023,17600
ACGLP,2018-04-19,23.979999542236328,23.979999542236328,23.770000457763672,23.8700008392334,21.371686935424805,28000
ACGLP,2018-04-20,23.899999618530277,24.149999618530277,23.86400032043457,24.149999618530277,21.62238121032715,38300
ACGLP,2018-04-23,24.0,24.0,23.799999237060547,23.850000381469727,21.353778839111328,22300
ACGLP,2018-04-24,23.989999771118164,23.989999771118164,23.649999618530277,23.790000915527344,21.30006217956543,39900
ACGLP,2018-04-25,23.799999237060547,23.799999237060547,23.530000686645508,23.65999984741211,21.183666229248047,39500
ACGLP,2018-04-26,23.700000762939453,23.90999984741211,23.59000015258789,23.770000457763672,21.28215217590332,45600
ACGLP,2018-04-27,23.770000457763672,23.770000457763672,23.63999938964844,23.729999542236328,21.246337890625,25400
ACGLP,2018-04-30,23.700000762939453,23.8700008392334,23.6200008392334,23.770000457763672,21.28215217590332,10700
ACGLP,2018-05-01,23.729999542236328,23.770000457763672,23.650999069213867,23.729999542236328,21.246337890625,310500
ACGLP,2018-05-02,23.799999237060547,23.85300064086914,23.61000061035156,23.670000076293945,21.1926212310791,47300
ACGLP,2018-05-03,23.700000762939453,23.76000022888184,23.448999404907227,23.520000457763672,21.058320999145508,40600
ACGLP,2018-05-04,23.600000381469727,23.739999771118164,23.600000381469727,23.700000762939453,21.219480514526367,15200
ACGLP,2018-05-07,23.850000381469727,23.850000381469727,23.600000381469727,23.700000762939453,21.219480514526367,57800
ACGLP,2018-05-08,23.780000686645508,23.780000686645508,23.6299991607666,23.649999618530277,21.174713134765625,27700
ACGLP,2018-05-09,23.739999771118164,23.76000022888184,23.649999618530277,23.700000762939453,21.219480514526367,30000
ACGLP,2018-05-10,23.75,23.84000015258789,23.649999618530277,23.709999084472656,21.22843170166016,29100
ACGLP,2018-05-11,23.729999542236328,23.81999969482422,23.600000381469727,23.81999969482422,21.326919555664062,55100
ACGLP,2018-05-14,23.81999969482422,23.81999969482422,23.68000030517578,23.76000022888184,21.2732048034668,24400
ACGLP,2018-05-15,23.76000022888184,23.76000022888184,23.559999465942383,23.649999618530277,21.174713134765625,31400
ACGLP,2018-05-16,23.709999084472656,23.709999084472656,23.549999237060547,23.68000030517578,21.201574325561523,20800
ACGLP,2018-05-17,23.700000762939453,23.72100067138672,23.6299991607666,23.649999618530277,21.174713134765625,22400
ACGLP,2018-05-18,23.670000076293945,23.68000030517578,23.559999465942383,23.600000381469727,21.129945755004883,45800
ACGLP,2018-05-21,23.799999237060547,23.799999237060547,23.63999938964844,23.690000534057617,21.21052360534668,46400
ACGLP,2018-05-22,23.700000762939453,23.71999931335449,23.6200008392334,23.709999084472656,21.22843170166016,62400
ACGLP,2018-05-23,23.690000534057617,23.700000762939453,23.649999618530277,23.68000030517578,21.201574325561523,24500
ACGLP,2018-05-24,23.75,23.81999969482422,23.700000762939453,23.81999969482422,21.326919555664062,51700
ACGLP,2018-05-25,23.81999969482422,23.959999084472656,23.76000022888184,23.809999465942383,21.317964553833008,19000
ACGLP,2018-05-29,23.8700008392334,23.88500022888184,23.81999969482422,23.84000015258789,21.34482955932617,29600
ACGLP,2018-05-30,23.899999618530277,23.924999237060547,23.850000381469727,23.90999984741211,21.407501220703125,34000
ACGLP,2018-05-31,23.8799991607666,23.8799991607666,23.790000915527344,23.850000381469727,21.353778839111328,33300
ACGLP,2018-06-01,23.959999084472656,24.07999992370605,23.90999984741211,24.07999992370605,21.55970573425293,32800
ACGLP,2018-06-04,24.25,24.36000061035156,24.200000762939453,24.350000381469727,21.80145072937012,60800
ACGLP,2018-06-05,24.450000762939453,24.450000762939453,24.3799991607666,24.420000076293945,21.86412048339844,110100
ACGLP,2018-06-06,24.399999618530277,24.440000534057617,24.36000061035156,24.399999618530277,21.846216201782227,121200
ACGLP,2018-06-07,24.399999618530277,24.399999618530277,24.350000381469727,24.399999618530277,21.846216201782227,41400
ACGLP,2018-06-08,24.5,24.5,24.371000289916992,24.38999938964844,21.83726119995117,45400
ACGLP,2018-06-11,24.489999771118164,24.489999771118164,24.32099914550781,24.36000061035156,21.810400009155277,58600
ACGLP,2018-06-12,24.3799991607666,24.3799991607666,24.299999237060547,24.34000015258789,21.79249382019043,84300
ACGLP,2018-06-13,24.399999618530277,24.399999618530277,24.34000015258789,24.38999938964844,21.83726119995117,59100
ACGLP,2018-06-14,24.200000762939453,24.200000762939453,24.0,24.059999465942383,21.83544540405273,51000
ACGLP,2018-06-15,24.100000381469727,24.100000381469727,24.020000457763672,24.059999465942383,21.83544540405273,37900
ACGLP,2018-06-18,24.049999237060547,24.09000015258789,24.020000457763672,24.059999465942383,21.83544540405273,14400
ACGLP,2018-06-19,24.059999465942383,24.059999465942383,23.950000762939453,24.040000915527344,21.81729507446289,29500
ACGLP,2018-06-20,24.06999969482422,24.06999969482422,23.891000747680664,23.979999542236328,21.762842178344727,75800
ACGLP,2018-06-21,23.979999542236328,23.979999542236328,23.899999618530277,23.920000076293945,21.70838928222656,23700
ACGLP,2018-06-22,24.049999237060547,24.049999237060547,23.959999084472656,24.0,21.78099250793457,33800
ACGLP,2018-06-25,24.0,24.0,23.895000457763672,23.920000076293945,21.70838928222656,28400
ACGLP,2018-06-26,23.959999084472656,23.96999931335449,23.84000015258789,23.94499969482422,21.731075286865234,32800
ACGLP,2018-06-27,24.0,24.0,23.959999084472656,23.979999542236328,21.762842178344727,28300
ACGLP,2018-06-28,24.0,24.0,23.82099914550781,23.8799991607666,21.672090530395508,42900
ACGLP,2018-06-29,24.0,24.049999237060547,23.93000030517578,23.940000534057617,21.72654151916504,50600
ACGLP,2018-07-02,23.959999084472656,24.18000030517578,23.93000030517578,24.0,21.78099250793457,58200
ACGLP,2018-07-03,24.06999969482422,24.18000030517578,24.04199981689453,24.149999618530277,21.91712188720703,26700
ACGLP,2018-07-05,24.190000534057617,24.190000534057617,24.084999084472656,24.145000457763672,21.912586212158203,43400
ACGLP,2018-07-06,24.1299991607666,24.170000076293945,24.089000701904297,24.125,21.894437789916992,49700
ACGLP,2018-07-09,24.200000762939453,24.239999771118164,24.100000381469727,24.209999084472656,21.971576690673828,105000
ACGLP,2018-07-10,24.190000534057617,24.190000534057617,24.1299991607666,24.190000534057617,21.953426361083984,24900
ACGLP,2018-07-11,24.190000534057617,24.200000762939453,24.09000015258789,24.13500022888184,21.90351104736328,29500
ACGLP,2018-07-12,24.149999618530277,24.15999984741211,24.06999969482422,24.1299991607666,21.89897346496582,38600
ACGLP,2018-07-13,24.149999618530277,24.18000030517578,24.06999969482422,24.13999938964844,21.908048629760746,74300
ACGLP,2018-07-16,24.13999938964844,24.13999938964844,24.0,24.07999992370605,21.85359764099121,25000
ACGLP,2018-07-17,24.07999992370605,24.07999992370605,23.90999984741211,23.940000534057617,21.72654151916504,27600
ACGLP,2018-07-18,23.940000534057617,23.940000534057617,23.799999237060547,23.799999237060547,21.599483489990234,55200
ACGLP,2018-07-19,23.850000381469727,23.88599967956543,23.81999969482422,23.8799991607666,21.672090530395508,34600
ACGLP,2018-07-20,23.899999618530277,23.899999618530277,23.84000015258789,23.88999938964844,21.68116569519043,62600
ACGLP,2018-07-23,23.8700008392334,23.8700008392334,23.84000015258789,23.850000381469727,21.644865036010746,50600
ACGLP,2018-07-24,23.950000762939453,23.989999771118164,23.899999618530277,23.940000534057617,21.72654151916504,42900
ACGLP,2018-07-25,23.950000762939453,23.950000762939453,23.8799991607666,23.920000076293945,21.70838928222656,24400
ACGLP,2018-07-26,23.920000076293945,24.01300048828125,23.920000076293945,23.920000076293945,21.70838928222656,14900
ACGLP,2018-07-27,23.950000762939453,24.040000915527344,23.8700008392334,23.8799991607666,21.672090530395508,25000
ACGLP,2018-07-30,23.899999618530277,23.961000442504883,23.799999237060547,23.81999969482422,21.61763572692871,50800
ACGLP,2018-07-31,23.920000076293945,23.9950008392334,23.71999931335449,23.75,21.554107666015625,50200
ACGLP,2018-08-01,23.8799991607666,23.8799991607666,23.76000022888184,23.799999237060547,21.599483489990234,38300
ACGLP,2018-08-02,23.790000915527344,24.03199958801269,23.780000686645508,23.84000015258789,21.635787963867188,30100
ACGLP,2018-08-03,23.899999618530277,24.09199905395508,23.86000061035156,23.899999618530277,21.69024085998535,15700
ACGLP,2018-08-06,23.950000762939453,23.950000762939453,23.86000061035156,23.93000030517578,21.71746635437012,26300
ACGLP,2018-08-07,23.93000030517578,23.93000030517578,23.899999618530277,23.920000076293945,21.70838928222656,23900
ACGLP,2018-08-08,23.899999618530277,23.920000076293945,23.8799991607666,23.899999618530277,21.69024085998535,23200
ACGLP,2018-08-09,23.920000076293945,23.920000076293945,23.8799991607666,23.8799991607666,21.672090530395508,21200
ACGLP,2018-08-10,23.920000076293945,23.920000076293945,23.86000061035156,23.899999618530277,21.69024085998535,20400
ACGLP,2018-08-13,23.899999618530277,23.899999618530277,23.81999969482422,23.850000381469727,21.644865036010746,20300
ACGLP,2018-08-14,23.86000061035156,23.899999618530277,23.81999969482422,23.81999969482422,21.61763572692871,32400
ACGLP,2018-08-15,23.899999618530277,23.90999984741211,23.85700035095215,23.899999618530277,21.69024085998535,22700
ACGLP,2018-08-16,23.93000030517578,23.93000030517578,23.86199951171875,23.871000289916992,21.663923263549805,14200
ACGLP,2018-08-17,23.93000030517578,23.93000030517578,23.8799991607666,23.8799991607666,21.672090530395508,25700
ACGLP,2018-08-20,23.979999542236328,23.979999542236328,23.910999298095703,23.968000411987305,21.751951217651367,16500
ACGLP,2018-08-21,23.979999542236328,23.979999542236328,23.95800018310547,23.959999084472656,21.744691848754883,22900
ACGLP,2018-08-22,24.020000457763672,24.020000457763672,23.95400047302246,23.979999542236328,21.762842178344727,21200
ACGLP,2018-08-23,23.979999542236328,23.979999542236328,23.905000686645508,23.950000762939453,21.73561668395996,28100
ACGLP,2018-08-24,23.950000762939453,23.989999771118164,23.90999984741211,23.989999771118164,21.77191925048828,29200
ACGLP,2018-08-27,24.0,24.020000457763672,23.989999771118164,24.020000457763672,21.799144744873047,28200
ACGLP,2018-08-28,24.020000457763672,24.020000457763672,23.93099975585937,24.020000457763672,21.799144744873047,18800
ACGLP,2018-08-29,24.059999465942383,24.100000381469727,24.059999465942383,24.100000381469727,21.87174797058105,37600
ACGLP,2018-08-30,24.100000381469727,24.13999938964844,24.059999465942383,24.1200008392334,21.8898983001709,25900
ACGLP,2018-08-31,24.09000015258789,24.1299991607666,24.049999237060547,24.049999237060547,21.82636833190918,24000
ACGLP,2018-09-04,24.15999984741211,24.15999984741211,24.09600067138672,24.1200008392334,21.8898983001709,20200
ACGLP,2018-09-05,24.190000534057617,24.209999084472656,24.059999465942383,24.09000015258789,21.8626708984375,48300
ACGLP,2018-09-06,24.07999992370605,24.121000289916992,24.020000457763672,24.040000915527344,21.81729507446289,36800
ACGLP,2018-09-07,24.09000015258789,24.09000015258789,23.450000762939453,23.549999237060547,21.37260055541992,148900
ACGLP,2018-09-10,23.690000534057617,23.75,23.6200008392334,23.68000030517578,21.490583419799805,122100
ACGLP,2018-09-11,23.729999542236328,23.739999771118164,23.68000030517578,23.700000762939453,21.50873374938965,72800
ACGLP,2018-09-12,23.770000457763672,23.81999969482422,23.75,23.81999969482422,21.61763572692871,69200
ACGLP,2018-09-13,23.6299991607666,23.6299991607666,23.459999084472656,23.479999542236328,21.606592178344727,48300
ACGLP,2018-09-14,23.51000022888184,23.516000747680664,23.347000122070312,23.46999931335449,21.597389221191406,24300
ACGLP,2018-09-17,23.5,23.5,23.25,23.34000015258789,21.477764129638672,44000
ACGLP,2018-09-18,23.399999618530277,23.399999618530277,23.299999237060547,23.32999992370605,21.46856117248535,33000
ACGLP,2018-09-19,23.32999992370605,23.350000381469727,23.131000518798828,23.21999931335449,21.36733627319336,39100
ACGLP,2018-09-20,23.290000915527344,23.299999237060547,23.21999931335449,23.299999237060547,21.440954208374023,41200
ACGLP,2018-09-21,23.299999237060547,23.33099937438965,23.239999771118164,23.299999237060547,21.440954208374023,32100
ACGLP,2018-09-24,23.26000022888184,23.333999633789062,23.229999542236328,23.290000915527344,21.431753158569336,10900
ACGLP,2018-09-25,23.299999237060547,23.34000015258789,23.059999465942383,23.200000762939453,21.34893226623535,37300
ACGLP,2018-09-26,23.25,23.31999969482422,23.200000762939453,23.239999771118164,21.3857421875,34400
ACGLP,2018-09-27,23.25,23.26000022888184,23.084999084472656,23.209999084472656,21.35813331604004,30500
ACGLP,2018-09-28,23.01000022888184,23.179000854492188,23.01000022888184,23.01000022888184,21.17409324645996,37800
ACGLP,2018-10-01,22.799999237060547,22.93199920654297,22.479999542236328,22.549999237060547,20.750795364379883,115500
ACGLP,2018-10-02,22.649999618530277,22.770999908447266,22.46999931335449,22.479999542236328,20.68638229370117,51900
ACGLP,2018-10-03,22.5,22.700000762939453,21.729999542236328,22.6299991607666,20.824411392211918,92300
ACGLP,2018-10-04,22.600000381469727,22.600000381469727,22.07999992370605,22.09000015258789,20.32749938964844,77100
ACGLP,2018-10-05,21.600000381469727,22.07999992370605,21.5,22.0,20.24468040466309,138500
ACGLP,2018-10-08,21.75,21.96999931335449,21.75,21.809999465942383,20.06983757019043,47700
ACGLP,2018-10-09,22.0,22.32999992370605,22.0,22.21999931335449,20.447126388549805,109100
ACGLP,2018-10-10,22.15999984741211,22.229999542236328,21.700000762939453,22.059999465942383,20.29989242553711,90500
ACGLP,2018-10-11,22.059999465942383,22.059999465942383,21.899999618530277,21.96999931335449,20.217071533203125,40400
ACGLP,2018-10-12,22.020000457763672,22.100000381469727,21.81999969482422,21.82999992370605,20.08824157714844,63200
ACGLP,2018-10-15,21.940000534057617,22.049999237060547,21.86000061035156,21.940000534057617,20.18946647644043,45700
ACGLP,2018-10-16,22.06999969482422,22.06999969482422,21.979999542236328,21.979999542236328,20.226274490356445,25000
ACGLP,2018-10-17,22.0,22.069000244140625,21.950000762939453,21.959999084472656,20.207868576049805,33500
ACGLP,2018-10-18,22.0,22.09000015258789,21.940000534057617,21.950000762939453,20.19866943359375,28000
ACGLP,2018-10-19,22.07999992370605,22.200000762939453,21.959999084472656,22.200000762939453,20.42872428894043,40800
ACGLP,2018-10-22,22.1200008392334,22.21999931335449,22.07999992370605,22.190000534057617,20.41951942443848,23700
ACGLP,2018-10-23,22.190000534057617,22.208999633789062,22.049999237060547,22.059999465942383,20.29989242553711,31100
ACGLP,2018-10-24,22.100000381469727,22.18000030517578,22.049999237060547,22.049999237060547,20.29068756103516,26600
ACGLP,2018-10-25,22.21999931335449,22.23500061035156,22.100000381469727,22.200000762939453,20.42872428894043,34700
ACGLP,2018-10-26,22.270000457763672,22.32900047302246,22.200000762939453,22.270000457763672,20.49313735961914,18200
ACGLP,2018-10-29,22.32999992370605,22.440000534057617,22.209999084472656,22.239999771118164,20.46553039550781,34600
ACGLP,2018-10-30,22.350000381469727,22.420000076293945,22.200000762939453,22.209999084472656,20.437923431396484,27300
ACGLP,2018-10-31,22.299999237060547,22.31999969482422,22.200000762939453,22.209999084472656,20.437923431396484,40100
ACGLP,2018-11-01,22.21999931335449,22.256000518798828,22.200000762939453,22.200000762939453,20.42872428894043,28500
ACGLP,2018-11-02,22.299999237060547,22.299999237060547,21.950000762939453,21.950000762939453,20.19866943359375,20800
ACGLP,2018-11-05,21.950000762939453,22.09000015258789,21.950000762939453,22.09000015258789,20.32749938964844,23600
ACGLP,2018-11-06,22.07999992370605,22.170000076293945,22.07999992370605,22.07999992370605,20.31829643249512,26500
ACGLP,2018-11-07,22.100000381469727,22.15999984741211,22.06999969482422,22.06999969482422,20.3090934753418,34600
ACGLP,2018-11-08,22.1299991607666,22.18000030517578,22.06999969482422,22.07999992370605,20.31829643249512,12000
ACGLP,2018-11-09,22.100000381469727,22.1200008392334,22.06999969482422,22.09000015258789,20.32749938964844,27500
ACGLP,2018-11-12,22.1299991607666,22.1299991607666,22.049999237060547,22.09499931335449,20.33209991455078,31700
ACGLP,2018-11-13,22.1299991607666,22.1299991607666,22.05299949645996,22.09499931335449,20.33209991455078,19100
ACGLP,2018-11-14,22.100000381469727,22.1299991607666,22.09000015258789,22.09499931335449,20.33209991455078,15700
ACGLP,2018-11-15,22.09000015258789,22.09000015258789,21.809999465942383,21.899999618530277,20.15265846252441,41800
ACGLP,2018-11-16,21.729999542236328,21.80900001525879,21.729999542236328,21.799999237060547,20.06063461303711,23300
ACGLP,2018-11-19,21.809999465942383,21.8799991607666,21.65999984741211,21.65999984741211,19.93180656433105,19100
ACGLP,2018-11-20,21.700000762939453,21.790000915527344,21.450000762939453,21.46999931335449,19.75696563720703,30800
ACGLP,2018-11-21,21.5,21.61000061035156,21.479999542236328,21.51000022888184,19.79377555847168,35100
ACGLP,2018-11-23,21.399999618530277,21.55299949645996,21.3700008392334,21.489999771118164,19.775367736816406,24500
ACGLP,2018-11-26,21.56999969482422,21.649999618530277,21.350000381469727,21.3700008392334,19.664945602416992,38400
ACGLP,2018-11-27,21.440000534057617,21.489999771118164,21.149999618530277,21.200000762939453,19.508508682250977,50900
ACGLP,2018-11-28,21.209999084472656,21.3799991607666,21.209999084472656,21.299999237060547,19.60053062438965,36100
ACGLP,2018-11-29,21.34000015258789,21.364999771118164,21.200000762939453,21.209999084472656,19.517709732055664,27900
ACGLP,2018-11-30,21.31999969482422,21.31999969482422,21.030000686645508,21.1200008392334,19.434894561767575,44800
ACGLP,2018-12-03,21.21999931335449,21.299999237060547,21.049999237060547,21.229999542236328,19.536113739013672,35700
ACGLP,2018-12-04,21.229999542236328,21.229999542236328,20.78700065612793,21.01000022888184,19.333667755126957,61500
ACGLP,2018-12-06,21.020000457763672,21.07999992370605,20.65999984741211,20.799999237060547,19.14042091369629,60000
ACGLP,2018-12-07,20.899999618530277,21.100000381469727,20.68000030517578,20.729999542236328,19.076007843017575,91200
ACGLP,2018-12-10,20.739999771118164,21.049999237060547,20.649999618530277,20.68000030517578,19.02999687194824,54700
ACGLP,2018-12-11,20.690000534057617,20.854999542236328,20.530000686645508,20.739999771118164,19.0852108001709,112000
ACGLP,2018-12-12,20.6200008392334,20.82999992370605,20.600000381469727,20.709999084472656,19.057601928710938,60200
ACGLP,2018-12-13,20.600000381469727,20.600000381469727,20.309999465942383,20.3700008392334,19.04638671875,66200
ACGLP,2018-12-14,20.26000022888184,20.440000534057617,20.26000022888184,20.424999237060547,19.097810745239254,62200
ACGLP,2018-12-17,20.26000022888184,20.441999435424805,20.26000022888184,20.34000015258789,19.018333435058597,76500
ACGLP,2018-12-18,20.270000457763672,20.40999984741211,20.239999771118164,20.26000022888184,18.943532943725582,74500
ACGLP,2018-12-19,20.26000022888184,20.33799934387207,20.07999992370605,20.21999931335449,18.90613174438477,51100
ACGLP,2018-12-20,20.21999931335449,20.270000457763672,19.3799991607666,20.040000915527344,18.737829208374023,78400
ACGLP,2018-12-21,19.790000915527344,20.020000457763672,19.780000686645508,19.899999618530277,18.60692405700684,80500
ACGLP,2018-12-24,19.700000762939453,19.79800033569336,19.65999984741211,19.76000022888184,18.476022720336918,75300
ACGLP,2018-12-26,19.559999465942383,19.729999542236328,19.500999450683597,19.63999938964844,18.36381721496582,72100
ACGLP,2018-12-27,19.649999618530277,19.68000030517578,19.270000457763672,19.450000762939453,18.186168670654297,115500
ACGLP,2018-12-28,19.5,19.90699958801269,19.5,19.71999931335449,18.43861961364746,74900
ACGLP,2018-12-31,19.809999465942383,20.06100082397461,19.71999931335449,19.8700008392334,18.57887458801269,72400
ACGLP,2019-01-02,19.770000457763672,20.3799991607666,19.75,20.209999084472656,18.89678001403809,56400
ACGLP,2019-01-03,20.25,20.3700008392334,20.049999237060547,20.21999931335449,18.90613174438477,38300
ACGLP,2019-01-04,20.479999542236328,20.989999771118164,20.479999542236328,20.86000061035156,19.504545211791992,62300
ACGLP,2019-01-07,21.170000076293945,21.43000030517578,21.170000076293945,21.309999465942383,19.9253044128418,56900
ACGLP,2019-01-08,21.520000457763672,21.649999618530277,21.309999465942383,21.61000061035156,20.205812454223636,54900
ACGLP,2019-01-09,21.61000061035156,21.649999618530277,21.434999465942383,21.600000381469727,20.196460723876957,94700
ACGLP,2019-01-10,21.57999992370605,21.57999992370605,21.3799991607666,21.57999992370605,20.17776107788086,27000
ACGLP,2019-01-11,21.57999992370605,21.790000915527344,21.209999084472656,21.790000915527344,20.37411499023437,135100
ACGLP,2019-01-14,21.780000686645508,22.0,21.63999938964844,21.979999542236328,20.5517692565918,53400
ACGLP,2019-01-15,21.979999542236328,21.979999542236328,21.809999465942383,21.86000061035156,20.43956756591797,23800
ACGLP,2019-01-16,21.86000061035156,21.96999931335449,21.6200008392334,21.6200008392334,20.21516227722168,40700
ACGLP,2019-01-17,21.6200008392334,21.8700008392334,21.6200008392334,21.799999237060547,20.38346672058105,23900
ACGLP,2019-01-18,21.899999618530277,22.049999237060547,21.809999465942383,22.049999237060547,20.61721992492676,76000
ACGLP,2019-01-22,22.049999237060547,22.049999237060547,21.871999740600582,22.0,20.570470809936523,49900
ACGLP,2019-01-23,22.0,22.059999465942383,21.86000061035156,21.979999542236328,20.5517692565918,53000
ACGLP,2019-01-24,21.979999542236328,22.02199935913086,21.8700008392334,21.989999771118164,20.561119079589844,55800
ACGLP,2019-01-25,22.1299991607666,22.1299991607666,21.96999931335449,22.020000457763672,20.589170455932617,35100
ACGLP,2019-01-28,22.07999992370605,22.09000015258789,21.950000762939453,22.020000457763672,20.589170455932617,57400
ACGLP,2019-01-29,22.100000381469727,22.100000381469727,22.0,22.059999465942383,20.62657165527344,18200
ACGLP,2019-01-30,22.100000381469727,22.229999542236328,22.100000381469727,22.21999931335449,20.776172637939453,81100
ACGLP,2019-01-31,22.200000762939453,22.559999465942383,22.18600082397461,22.559999465942383,21.09407997131348,140300
ACGLP,2019-02-01,22.5,22.549999237060547,22.36000061035156,22.399999618530277,20.94447898864746,24500
ACGLP,2019-02-04,22.450000762939453,22.5,22.239999771118164,22.5,21.037981033325195,25200
ACGLP,2019-02-05,22.5,22.530000686645508,22.40999984741211,22.5,21.037981033325195,14700
ACGLP,2019-02-06,22.540000915527344,22.540000915527344,22.209999084472656,22.280000686645508,20.832275390625,44100
ACGLP,2019-02-07,22.34000015258789,22.34000015258789,22.11000061035156,22.15999984741211,20.72007369995117,27300
ACGLP,2019-02-08,22.25,22.25,22.01000022888184,22.21999931335449,20.776172637939453,27700
ACGLP,2019-02-11,22.21999931335449,22.2549991607666,22.200000762939453,22.25,20.80422592163086,18200
ACGLP,2019-02-12,22.26000022888184,22.309999465942383,22.20400047302246,22.26000022888184,20.813575744628903,23700
ACGLP,2019-02-13,22.26000022888184,22.399999618530277,22.25,22.350000381469727,20.89772605895996,31800
ACGLP,2019-02-14,22.200000762939453,22.350000381469727,22.149999618530277,22.350000381469727,20.89772605895996,40500
ACGLP,2019-02-15,22.350000381469727,22.57999992370605,22.350000381469727,22.489999771118164,21.02862930297852,30600
ACGLP,2019-02-19,22.489999771118164,22.68000030517578,22.44599914550781,22.6200008392334,21.150182723999023,37100
ACGLP,2019-02-20,22.690000534057617,22.799999237060547,22.690000534057617,22.790000915527344,21.30913734436035,40400
ACGLP,2019-02-21,22.799999237060547,22.899999618530277,22.799999237060547,22.850000381469727,21.365238189697266,27100
ACGLP,2019-02-22,22.899999618530277,22.950000762939453,22.8700008392334,22.8799991607666,21.393285751342773,27200
ACGLP,2019-02-25,22.899999618530277,22.950000762939453,22.81999969482422,22.950000762939453,21.458740234375,31700
ACGLP,2019-02-26,22.96999931335449,22.96999931335449,22.86000061035156,22.8799991607666,21.393285751342773,27300
ACGLP,2019-02-27,22.8799991607666,22.920000076293945,22.809999465942383,22.920000076293945,21.43069076538086,25500
ACGLP,2019-02-28,22.71999931335449,22.940000534057617,22.607999801635746,22.790000915527344,21.30913734436035,61500
ACGLP,2019-03-01,22.86000061035156,22.959999084472656,22.709999084472656,22.950000762939453,21.458740234375,39400
ACGLP,2019-03-04,23.07999992370605,23.09000015258789,22.989999771118164,23.0,21.505489349365234,36700
ACGLP,2019-03-05,22.90999984741211,23.040000915527344,22.90999984741211,23.040000915527344,21.54289436340332,60200
ACGLP,2019-03-06,23.0,23.13400077819824,23.0,23.059999465942383,21.56159210205078,69200
ACGLP,2019-03-07,23.030000686645508,23.049999237060547,22.959999084472656,23.0,21.505489349365234,80500
ACGLP,2019-03-08,22.93000030517578,22.989999771118164,22.900999069213867,22.93000030517578,21.44004249572754,38600
ACGLP,2019-03-11,22.989999771118164,22.989999771118164,22.90999984741211,22.989999771118164,21.49614143371582,27400
ACGLP,2019-03-12,22.979999542236328,23.049999237060547,22.96999931335449,23.049999237060547,21.5522403717041,31600
ACGLP,2019-03-13,23.049999237060547,23.149999618530277,23.049999237060547,23.149999618530277,21.64574241638184,30200
ACGLP,2019-03-14,23.149999618530277,23.149999618530277,23.149999618530277,23.149999618530277,21.95683860778809,41500
ACGLP,2019-03-15,23.01000022888184,23.01000022888184,22.899999618530277,22.90999984741211,21.72920799255371,38600
ACGLP,2019-03-18,22.950000762939453,23.09000015258789,22.950000762939453,23.06999969482422,21.88096046447754,37800
ACGLP,2019-03-19,23.06999969482422,23.06999969482422,22.8799991607666,22.950000762939453,21.767147064208984,30600
ACGLP,2019-03-20,23.0,23.0,22.850000381469727,23.0,21.81456756591797,30100
ACGLP,2019-03-21,23.0,23.07999992370605,22.8799991607666,22.950000762939453,21.767147064208984,42800
ACGLP,2019-03-22,22.950000762939453,22.979999542236328,22.90999984741211,22.979999542236328,21.79560089111328,24100
ACGLP,2019-03-25,22.979999542236328,22.989999771118164,22.940000534057617,22.989999771118164,21.805084228515625,16800
ACGLP,2019-03-26,22.989999771118164,23.104999542236328,22.96500015258789,23.06999969482422,21.88096046447754,41500
ACGLP,2019-03-27,22.899999618530277,22.96999931335449,22.850000381469727,22.959999084472656,21.776630401611328,77100
ACGLP,2019-03-28,22.899999618530277,22.959999084472656,22.8799991607666,22.88999938964844,21.71023750305176,63000
ACGLP,2019-03-29,22.8799991607666,23.040000915527344,22.850000381469727,23.040000915527344,21.852510452270508,117400
ACGLP,2019-04-01,23.07999992370605,23.364999771118164,23.07999992370605,23.32999992370605,22.127559661865234,69000
ACGLP,2019-04-02,23.32999992370605,23.399999618530277,23.229999542236328,23.38999938964844,22.184467315673828,30600
ACGLP,2019-04-03,23.350000381469727,23.43000030517578,23.325000762939453,23.40999984741211,22.20343589782715,34000
ACGLP,2019-04-04,23.43000030517578,23.530000686645508,23.381999969482425,23.520000457763672,22.307769775390625,56000
ACGLP,2019-04-05,23.520000457763672,23.59000015258789,23.513999938964844,23.59000015258789,22.37416076660156,19900
ACGLP,2019-04-08,23.549999237060547,23.59000015258789,23.524999618530277,23.59000015258789,22.37416076660156,59300
ACGLP,2019-04-09,23.479999542236328,23.6200008392334,23.479999542236328,23.600000381469727,22.38364601135254,166700
ACGLP,2019-04-10,23.5,23.6200008392334,23.5,23.530000686645508,22.31725311279297,172800
ACGLP,2019-04-11,23.459999084472656,23.6200008392334,23.450000762939453,23.600000381469727,22.38364601135254,149600
ACGLP,2019-04-12,23.520000457763672,23.700000762939453,23.520000457763672,23.670000076293945,22.450035095214844,121400
ACGLP,2019-04-15,23.649999618530277,23.729999542236328,23.63800048828125,23.700000762939453,22.478492736816406,30600
ACGLP,2019-04-16,23.61000061035156,23.75,23.61000061035156,23.700000762939453,22.478492736816406,52000
ACGLP,2019-04-17,23.700000762939453,23.729999542236328,23.63599967956543,23.729999542236328,22.50694274902344,31900
ACGLP,2019-04-18,23.729999542236328,23.75,23.690000534057617,23.690000534057617,22.46900749206543,49200
ACGLP,2019-04-22,23.63999938964844,23.71500015258789,23.61000061035156,23.65999984741211,22.4405517578125,76100
ACGLP,2019-04-23,23.600000381469727,23.739999771118164,23.599000930786133,23.739999771118164,22.516429901123047,80000
ACGLP,2019-04-24,23.729999542236328,23.739999771118164,23.68000030517578,23.739999771118164,22.516429901123047,25700
ACGLP,2019-04-25,23.739999771118164,23.739999771118164,23.68000030517578,23.700000762939453,22.478492736816406,44300
ACGLP,2019-04-26,23.700000762939453,23.739999771118164,23.6200008392334,23.63999938964844,22.42158317565918,53100
ACGLP,2019-04-29,23.670000076293945,23.690000534057617,23.57999992370605,23.600000381469727,22.38364601135254,24600
ACGLP,2019-04-30,23.649999618530277,23.67300033569336,23.420000076293945,23.420000076293945,22.21292304992676,135900
ACGLP,2019-05-01,23.5,23.59000015258789,23.459999084472656,23.59000015258789,22.37416076660156,27000
ACGLP,2019-05-02,23.63999938964844,23.676000595092773,23.600000381469727,23.6299991607666,22.41209983825684,26700
ACGLP,2019-05-03,23.6299991607666,23.65999984741211,23.56999969482422,23.56999969482422,22.35519027709961,23100
ACGLP,2019-05-06,23.559999465942383,23.559999465942383,23.520000457763672,23.559999465942383,22.345705032348636,27700
ACGLP,2019-05-07,23.540000915527344,23.540000915527344,23.440000534057617,23.5,22.288799285888672,32400
ACGLP,2019-05-08,23.399999618530277,23.5,23.399999618530277,23.399999618530277,22.19395065307617,46300
ACGLP,2019-05-09,23.38999938964844,23.38999938964844,23.298999786376957,23.36000061035156,22.1560173034668,37800
ACGLP,2019-05-10,23.40999984741211,23.479999542236328,23.3700008392334,23.420000076293945,22.21292304992676,29300
ACGLP,2019-05-13,23.420000076293945,23.420000076293945,23.309999465942383,23.36000061035156,22.1560173034668,20600
ACGLP,2019-05-14,23.36000061035156,23.43000030517578,23.34000015258789,23.399999618530277,22.19395065307617,33200
ACGLP,2019-05-15,23.399999618530277,23.5,23.38800048828125,23.489999771118164,22.279315948486328,53700
ACGLP,2019-05-16,23.46999931335449,23.57999992370605,23.450000762939453,23.540000915527344,22.326738357543945,86700
ACGLP,2019-05-17,23.559999465942383,23.57999992370605,23.5,23.540000915527344,22.326738357543945,22800
ACGLP,2019-05-20,23.540000915527344,23.540000915527344,23.459999084472656,23.520000457763672,22.307769775390625,56200
ACGLP,2019-05-21,23.450000762939453,23.520000457763672,23.450000762939453,23.489999771118164,22.279315948486328,20000
ACGLP,2019-05-22,23.5,23.53899955749512,23.489999771118164,23.5,22.288799285888672,24400
ACGLP,2019-05-23,23.5,23.5,23.43000030517578,23.43000030517578,22.22240829467773,36200
ACGLP,2019-05-24,23.450000762939453,23.5,23.43000030517578,23.440000534057617,22.23189163208008,25200
ACGLP,2019-05-28,23.440000534057617,23.530000686645508,23.4379997253418,23.479999542236328,22.26983070373535,47600
ACGLP,2019-05-29,23.420000076293945,23.56999969482422,23.420000076293945,23.56999969482422,22.35519027709961,35400
ACGLP,2019-05-30,23.57999992370605,23.6299991607666,23.57999992370605,23.600000381469727,22.38364601135254,27500
ACGLP,2019-05-31,23.600000381469727,23.600000381469727,23.440000534057617,23.440000534057617,22.23189163208008,83800
ACGLP,2019-06-03,23.36000061035156,23.57999992370605,23.36000061035156,23.549999237060547,22.33622169494629,50400
ACGLP,2019-06-04,23.5,23.68600082397461,23.496999740600582,23.649999618530277,22.43106842041016,73400
ACGLP,2019-06-05,23.68000030517578,23.75,23.600000381469727,23.690000534057617,22.46900749206543,76500
ACGLP,2019-06-06,23.690000534057617,23.690000534057617,23.65999984741211,23.670000076293945,22.450035095214844,48500
ACGLP,2019-06-07,23.700000762939453,23.93000030517578,23.684999465942383,23.8799991607666,22.649213790893555,41800
ACGLP,2019-06-10,23.850000381469727,23.940000534057617,23.76000022888184,23.920000076293945,22.687150955200195,59200
ACGLP,2019-06-11,24.0,24.09000015258789,23.989999771118164,24.09000015258789,22.848390579223636,37700
ACGLP,2019-06-12,24.100000381469727,24.15999984741211,24.01000022888184,24.15999984741211,22.914783477783203,40500
ACGLP,2019-06-13,23.950000762939453,23.950000762939453,23.82999992370605,23.93000030517578,23.009010314941406,57200
ACGLP,2019-06-14,23.989999771118164,24.0,23.93000030517578,24.0,23.07631492614746,68800
ACGLP,2019-06-17,23.920000076293945,24.030000686645508,23.920000076293945,23.96999931335449,23.04747009277344,91400
ACGLP,2019-06-18,23.979999542236328,24.149999618530277,23.96999931335449,24.149999618530277,23.220542907714844,44900
ACGLP,2019-06-19,24.0,24.09000015258789,23.899999618530277,24.020000457763672,23.09554672241211,76800
ACGLP,2019-06-20,24.049999237060547,24.13400077819824,24.049999237060547,24.09000015258789,23.1628532409668,57900
ACGLP,2019-06-21,24.100000381469727,24.15999984741211,24.099000930786133,24.149999618530277,23.220542907714844,37900
ACGLP,2019-06-24,24.149999618530277,24.18000030517578,24.1200008392334,24.149999618530277,23.220542907714844,68800
ACGLP,2019-06-25,24.149999618530277,24.200000762939453,24.06999969482422,24.200000762939453,23.26861953735352,261700
ACGLP,2019-06-26,24.100000381469727,24.299999237060547,24.07999992370605,24.13999938964844,23.210926055908203,110400
ACGLP,2019-06-27,24.299999237060547,24.299999237060547,24.239999771118164,24.25,23.316694259643555,79200
ACGLP,2019-06-28,24.200000762939453,24.239999771118164,23.950000762939453,23.950000762939453,23.028240203857425,183300
ACGLP,2019-07-01,24.0,24.100000381469727,23.989999771118164,23.989999771118164,23.066699981689453,43500
ACGLP,2019-07-02,24.059999465942383,24.225000381469727,24.059999465942383,24.209999084472656,23.27823257446289,35900
ACGLP,2019-07-03,24.15999984741211,24.15999984741211,24.100000381469727,24.100000381469727,23.172468185424805,20200
ACGLP,2019-07-05,24.149999618530277,24.190000534057617,24.06999969482422,24.13999938964844,23.210926055908203,63400
ACGLP,2019-07-08,24.15999984741211,24.190000534057617,24.149999618530277,24.149999618530277,23.220542907714844,18200
ACGLP,2019-07-09,24.13999938964844,24.16900062561035,24.11000061035156,24.1200008392334,23.19169807434082,42300
ACGLP,2019-07-10,24.11000061035156,24.18000030517578,24.11000061035156,24.149999618530277,23.220542907714844,53100
ACGLP,2019-07-11,24.149999618530277,24.15999984741211,24.1299991607666,24.15999984741211,23.23015785217285,21600
ACGLP,2019-07-12,24.13999938964844,24.149999618530277,24.1299991607666,24.1299991607666,23.201311111450195,29900
ACGLP,2019-07-15,24.290000915527344,24.290000915527344,24.149999618530277,24.239999771118164,23.307079315185547,36900
ACGLP,2019-07-16,24.209999084472656,24.239999771118164,24.207000732421875,24.239999771118164,23.307079315185547,36900
ACGLP,2019-07-17,24.239999771118164,24.399999618530277,24.209999084472656,24.36000061035156,23.422460556030277,67100
ACGLP,2019-07-18,24.350000381469727,24.440000534057617,24.350000381469727,24.43000030517578,23.489765167236328,34500
ACGLP,2019-07-19,24.440000534057617,24.479999542236328,24.399999618530277,24.479999542236328,23.537841796875,49500
ACGLP,2019-07-22,24.479999542236328,24.57999992370605,24.479999542236328,24.489999771118164,23.547456741333008,61000
ACGLP,2019-07-23,24.489999771118164,24.63999938964844,24.489999771118164,24.63999938964844,23.69168281555176,42400
ACGLP,2019-07-24,24.600000381469727,24.63800048828125,24.5,24.636999130249023,23.688798904418945,78200
ACGLP,2019-07-25,24.600000381469727,24.600000381469727,24.3700008392334,24.420000076293945,23.480152130126957,48000
ACGLP,2019-07-26,24.36000061035156,24.479999542236328,24.36000061035156,24.450000762939453,23.508996963500977,33700
ACGLP,2019-07-29,24.44499969482422,24.6200008392334,24.39900016784668,24.6200008392334,23.67245483398437,60700
ACGLP,2019-07-30,24.559999465942383,24.63999938964844,24.520000457763672,24.61000061035156,23.66283798217773,50400
ACGLP,2019-07-31,24.59000015258789,24.63999938964844,24.459999084472656,24.6200008392334,23.67245483398437,134200
ACGLP,2019-08-01,24.57999992370605,24.649999618530277,24.549999237060547,24.63999938964844,23.69168281555176,67300
ACGLP,2019-08-02,24.6200008392334,24.700000762939453,24.489999771118164,24.63999938964844,23.69168281555176,101600
ACGLP,2019-08-05,24.600000381469727,24.600000381469727,24.500999450683597,24.559999465942383,23.61476325988769,55000
ACGLP,2019-08-06,24.5,24.559999465942383,24.36000061035156,24.559999465942383,23.61476325988769,65000
ACGLP,2019-08-07,24.559999465942383,24.57999992370605,24.46999931335449,24.549999237060547,23.605148315429688,88700
ACGLP,2019-08-08,24.53499984741211,24.6200008392334,24.53499984741211,24.6200008392334,23.67245483398437,64900
ACGLP,2019-08-09,24.540000915527344,24.68000030517578,24.540000915527344,24.670000076293945,23.72052955627441,54300
ACGLP,2019-08-12,24.600000381469727,24.700000762939453,24.57999992370605,24.690000534057617,23.739761352539062,37700
ACGLP,2019-08-13,24.690000534057617,24.790000915527344,24.670000076293945,24.790000915527344,23.83591079711914,73000
ACGLP,2019-08-14,24.690000534057617,24.84000015258789,24.67300033569336,24.84000015258789,23.88398742675781,68700
ACGLP,2019-08-15,24.809999465942383,24.950000762939453,24.809999465942383,24.950000762939453,23.98975372314453,73100
ACGLP,2019-08-16,24.88999938964844,24.974000930786133,24.8799991607666,24.959999084472656,23.999366760253903,31000
ACGLP,2019-08-19,24.899999618530277,24.959999084472656,24.8700008392334,24.93000030517578,23.970521926879883,37500
ACGLP,2019-08-20,24.93000030517578,24.950000762939453,24.899999618530277,24.920000076293945,23.960906982421875,55900
ACGLP,2019-08-21,24.899999618530277,24.979999542236328,24.8799991607666,24.940000534057617,23.980138778686523,84600
ACGLP,2019-08-22,24.940000534057617,25.0,24.940000534057617,25.0,24.03782844543457,46200
ACGLP,2019-08-23,24.959999084472656,25.040000915527344,24.959999084472656,24.989999771118164,24.02821350097656,47100
ACGLP,2019-08-26,25.0,25.040000915527344,24.989999771118164,25.0,24.03782844543457,43800
ACGLP,2019-08-27,25.030000686645508,25.100000381469727,25.0,25.07999992370605,24.114749908447266,273800
ACGLP,2019-08-28,25.07999992370605,25.170000076293945,25.059999465942383,25.170000076293945,24.2012882232666,102500
ACGLP,2019-08-29,25.100000381469727,25.13999938964844,25.040000915527344,25.040000915527344,24.076290130615234,49100
ACGLP,2019-08-30,25.040000915527344,25.09000015258789,24.950000762939453,25.0,24.03782844543457,141900
ACGLP,2019-09-03,25.0,25.100000381469727,24.979999542236328,25.100000381469727,24.13397979736328,64600
ACGLP,2019-09-04,25.100000381469727,25.190000534057617,25.06999969482422,25.190000534057617,24.22052001953125,47500
ACGLP,2019-09-05,25.190000534057617,25.200000762939453,25.11000061035156,25.13999938964844,24.172441482543945,43300
ACGLP,2019-09-06,25.13999938964844,25.25,25.13999938964844,25.21999931335449,24.249361038208008,48600
ACGLP,2019-09-09,25.18000030517578,25.299999237060547,25.18000030517578,25.299999237060547,24.326284408569336,41200
ACGLP,2019-09-10,25.15999984741211,25.290000915527344,25.15999984741211,25.21999931335449,24.249361038208008,78900
ACGLP,2019-09-11,25.18000030517578,25.34000015258789,25.13999938964844,25.309999465942383,24.335899353027344,75600
ACGLP,2019-09-12,25.11000061035156,25.11000061035156,25.020000457763672,25.049999237060547,24.402137756347656,65200
ACGLP,2019-09-13,25.049999237060547,25.051000595092773,24.86000061035156,25.0,24.35343170166016,199800
ACGLP,2019-09-16,25.0,25.059999465942383,24.899999618530277,25.0,24.35343170166016,96700
ACGLP,2019-09-17,25.0,25.1200008392334,24.989999771118164,25.114999771118164,24.46545791625977,60700
ACGLP,2019-09-18,25.11000061035156,25.190000534057617,25.06999969482422,25.190000534057617,24.53852081298828,57000
ACGLP,2019-09-19,25.149999618530277,25.200000762939453,25.07999992370605,25.149999618530277,24.49955368041992,39700
ACGLP,2019-09-20,25.190000534057617,25.229999542236328,25.149999618530277,25.229999542236328,24.577486038208008,62400
ACGLP,2019-09-23,25.190000534057617,25.350000381469727,25.190000534057617,25.290000915527344,24.635934829711918,103000
ACGLP,2019-09-24,25.25,25.34000015258789,25.21999931335449,25.239999771118164,24.58722686767578,44100
ACGLP,2019-09-25,25.290000915527344,25.299999237060547,25.200000762939453,25.280000686645508,24.62619400024414,33100
ACGLP,2019-09-26,25.239999771118164,25.38999938964844,25.21999931335449,25.38999938964844,24.733346939086918,56100
ACGLP,2019-09-27,25.3700008392334,25.38999938964844,25.25,25.38999938964844,24.733346939086918,37200
ACGLP,2019-09-30,25.38999938964844,25.38999938964844,25.239999771118164,25.36000061035156,24.704124450683597,92600
ACGLP,2019-10-01,25.25,25.36000061035156,25.25,25.36000061035156,24.704124450683597,38800
ACGLP,2019-10-02,25.36000061035156,25.36000061035156,25.06999969482422,25.350000381469727,24.694381713867188,34300
ACGLP,2019-10-03,25.25,25.31999969482422,25.18000030517578,25.31999969482422,24.665157318115234,23300
ACGLP,2019-10-04,25.270000457763672,25.31999969482422,25.239999771118164,25.309999465942383,24.65541648864746,42300
ACGLP,2019-10-07,25.26000022888184,25.29400062561035,25.200000762939453,25.270000457763672,24.61645126342773,24300
ACGLP,2019-10-08,25.25,25.350000381469727,25.25,25.299999237060547,24.64567375183105,45200
ACGLP,2019-10-09,25.280000686645508,25.36000061035156,25.270000457763672,25.309999465942383,24.65541648864746,51000
ACGLP,2019-10-10,25.36000061035156,25.399999618530277,25.299999237060547,25.399999618530277,24.743087768554688,37600
ACGLP,2019-10-11,25.43000030517578,25.677000045776367,25.38999938964844,25.65999984741211,24.99636459350586,34500
ACGLP,2019-10-14,25.649999618530277,25.649999618530277,25.479999542236328,25.649999618530277,24.986621856689453,46000
ACGLP,2019-10-15,25.59000015258789,25.600000381469727,25.51000022888184,25.51000022888184,24.850244522094727,38400
ACGLP,2019-10-16,25.43000030517578,25.59000015258789,25.43000030517578,25.57999992370605,24.918434143066406,49100
ACGLP,2019-10-17,25.5,25.57999992370605,25.46999931335449,25.56999969482422,24.90869140625,31800
ACGLP,2019-10-18,25.549999237060547,25.57999992370605,25.5,25.56999969482422,24.90869140625,32600
ACGLP,2019-10-21,25.559999465942383,25.57999992370605,25.51000022888184,25.549999237060547,24.88920783996582,31600
ACGLP,2019-10-22,25.549999237060547,25.600000381469727,25.540000915527344,25.57999992370605,24.918434143066406,36600
ACGLP,2019-10-23,25.59000015258789,25.68000030517578,25.59000015258789,25.63999938964844,24.97688102722168,46200
ACGLP,2019-10-24,25.57999992370605,25.700000762939453,25.57999992370605,25.670000076293945,25.006105422973636,33000
ACGLP,2019-10-25,25.670000076293945,25.700000762939453,25.600000381469727,25.670000076293945,25.006105422973636,20500
ACGLP,2019-10-28,25.65999984741211,25.670000076293945,25.600000381469727,25.6299991607666,24.967140197753903,17800
ACGLP,2019-10-29,25.600000381469727,25.6200008392334,25.559999465942383,25.6200008392334,24.957399368286133,28700
ACGLP,2019-10-30,25.600000381469727,25.600000381469727,25.5,25.57999992370605,24.918434143066406,36700
ACGLP,2019-10-31,25.57999992370605,25.57999992370605,25.399999618530277,25.5,24.84050178527832,162500
ACGLP,2019-11-01,25.450000762939453,25.5,25.420000076293945,25.489999771118164,24.830760955810547,33300
ACGLP,2019-11-04,25.5,25.6299991607666,25.489999771118164,25.57999992370605,24.918434143066406,32300
ACGLP,2019-11-05,25.549999237060547,25.584999084472656,25.5,25.540000915527344,24.87946891784668,30500
ACGLP,2019-11-06,25.40999984741211,25.489999771118164,25.3799991607666,25.3799991607666,24.72360610961914,51900
ACGLP,2019-11-07,25.299999237060547,25.350000381469727,25.25,25.290000915527344,24.635934829711918,39700
ACGLP,2019-11-08,25.290000915527344,25.3799991607666,25.290000915527344,25.3799991607666,24.72360610961914,24400
ACGLP,2019-11-11,25.3700008392334,25.375,25.309999465942383,25.34000015258789,24.68464088439941,14200
ACGLP,2019-11-12,25.299999237060547,25.3799991607666,25.26000022888184,25.354999542236328,24.69925308227539,21600
ACGLP,2019-11-13,25.350000381469727,25.40999984741211,25.32999992370605,25.3799991607666,24.72360610961914,33900
ACGLP,2019-11-14,25.25,25.34000015258789,25.229999542236328,25.34000015258789,24.68464088439941,77100
ACGLP,2019-11-15,25.34000015258789,25.34000015258789,25.27300071716309,25.34000015258789,24.68464088439941,47400
ACGLP,2019-11-18,25.299999237060547,25.32999992370605,25.280000686645508,25.290000915527344,24.635934829711918,64900
ACGLP,2019-11-19,25.32999992370605,25.32999992370605,25.270000457763672,25.31999969482422,24.665157318115234,29700
ACGLP,2019-11-20,25.299999237060547,25.299999237060547,25.209999084472656,25.280000686645508,24.62619400024414,35200
ACGLP,2019-11-21,25.239999771118164,25.299999237060547,25.209999084472656,25.209999084472656,24.558002471923828,22400
ACGLP,2019-11-22,25.25,25.31999969482422,25.200000762939453,25.209999084472656,24.558002471923828,18700
ACGLP,2019-11-25,25.280000686645508,25.31999969482422,25.238000869750977,25.31999969482422,24.665157318115234,18900
ACGLP,2019-11-26,25.32999992370605,25.350000381469727,25.21999931335449,25.239999771118164,24.58722686767578,57200
ACGLP,2019-11-27,25.200000762939453,25.239999771118164,25.09000015258789,25.100000381469727,24.45084571838379,66800
ACGLP,2019-11-29,25.200000762939453,25.22900009155273,25.040000915527344,25.049999237060547,24.402137756347656,75300
ACGLP,2019-12-02,24.899999618530277,25.059999465942383,24.899999618530277,25.01000022888184,24.36317443847656,133400
ACGLP,2019-12-03,24.950000762939453,25.09000015258789,24.93000030517578,25.059999465942383,24.411880493164062,51300
ACGLP,2019-12-04,25.100000381469727,25.18000030517578,25.07200050354004,25.1299991607666,24.48007202148437,61400
ACGLP,2019-12-05,25.100000381469727,25.190000534057617,25.090999603271484,25.18000030517578,24.528779983520508,62600
ACGLP,2019-12-06,25.18000030517578,25.200000762939453,25.131000518798828,25.17099952697754,24.52000999450684,21400
ACGLP,2019-12-09,25.170000076293945,25.239999771118164,25.170000076293945,25.239999771118164,24.58722686767578,21900
ACGLP,2019-12-10,25.229999542236328,25.239999771118164,25.149999618530277,25.224000930786133,24.57164001464844,47500
ACGLP,2019-12-11,25.190000534057617,25.290000915527344,25.149999618530277,25.290000915527344,24.635934829711918,34800
ACGLP,2019-12-12,25.100000381469727,25.25,25.0310001373291,25.25,24.9201717376709,69800
ACGLP,2019-12-13,25.229999542236328,25.239999771118164,25.149999618530277,25.239999771118164,24.910301208496094,24500
ACGLP,2019-12-16,25.239999771118164,25.350000381469727,25.22800064086914,25.350000381469727,25.01886558532715,32500
ACGLP,2019-12-17,25.299999237060547,25.459999084472656,25.28499984741211,25.459999084472656,25.127426147460938,36900
ACGLP,2019-12-18,25.350000381469727,25.600000381469727,25.347000122070312,25.600000381469727,25.265600204467773,42300
ACGLP,2019-12-19,25.5,25.5,25.393999099731445,25.5,25.16690444946289,32300
ACGLP,2019-12-20,25.399999618530277,25.506999969482425,25.38999938964844,25.4950008392334,25.16197204589844,50000
ACGLP,2019-12-23,25.40999984741211,25.549999237060547,25.400999069213867,25.549999237060547,25.216251373291016,29300
ACGLP,2019-12-24,25.399999618530277,25.474000930786133,25.32999992370605,25.440000534057617,25.107688903808597,29700
ACGLP,2019-12-26,25.399999618530277,25.46999931335449,25.36000061035156,25.3700008392334,25.038604736328125,26000
ACGLP,2019-12-27,25.3700008392334,25.43600082397461,25.32999992370605,25.43000030517578,25.097820281982425,32900
ACGLP,2019-12-30,25.34000015258789,25.429000854492188,25.309999465942383,25.40999984741211,25.078081130981445,43700
ACGLP,2019-12-31,25.34000015258789,25.479999542236328,25.339000701904297,25.479999542236328,25.147165298461918,53600
ACGLP,2020-01-02,25.3799991607666,25.739999771118164,25.3799991607666,25.739999771118164,25.403770446777344,73900
ACGLP,2020-01-03,25.559999465942383,25.700000762939453,25.559999465942383,25.670000076293945,25.33468437194824,47500
ACGLP,2020-01-06,25.5,25.600000381469727,25.36000061035156,25.38999938964844,25.05834197998047,93400
ACGLP,2020-01-07,25.399999618530277,25.479999542236328,25.3799991607666,25.43000030517578,25.097820281982425,22800
ACGLP,2020-01-08,25.3799991607666,25.559999465942383,25.3799991607666,25.51000022888184,25.17677497863769,51600
ACGLP,2020-01-09,25.5,25.559999465942383,25.47800064086914,25.559999465942383,25.22612190246582,27200
ACGLP,2020-01-10,25.489999771118164,25.57999992370605,25.489999771118164,25.57999992370605,25.2458610534668,42500
ACGLP,2020-01-13,25.520000457763672,25.6200008392334,25.459999084472656,25.6200008392334,25.28533935546875,27900
ACGLP,2020-01-14,25.549999237060547,25.61000061035156,25.545000076293945,25.61000061035156,25.275468826293945,20800
ACGLP,2020-01-15,25.51000022888184,25.600000381469727,25.489999771118164,25.549999237060547,25.216251373291016,21300
ACGLP,2020-01-16,25.489999771118164,25.56999969482422,25.489999771118164,25.5,25.16690444946289,32500
ACGLP,2020-01-17,25.5,25.5,25.479999542236328,25.479999542236328,25.147165298461918,28700
ACGLP,2020-01-21,25.479999542236328,25.549999237060547,25.479999542236328,25.489999771118164,25.15703582763672,64500
ACGLP,2020-01-22,25.459999084472656,25.57999992370605,25.459999084472656,25.57999992370605,25.2458610534668,34500
ACGLP,2020-01-23,25.56999969482422,25.6200008392334,25.530000686645508,25.600000381469727,25.265600204467773,20000
ACGLP,2020-01-24,25.6200008392334,25.670000076293945,25.5,25.61000061035156,25.275468826293945,21700
ACGLP,2020-01-27,25.59000015258789,25.79599952697754,25.5,25.790000915527344,25.45311737060547,34400
ACGLP,2020-01-28,25.770000457763672,25.790000915527344,25.700000762939453,25.700000762939453,25.364294052124023,18200
ACGLP,2020-01-29,25.739999771118164,25.75,25.670000076293945,25.700000762939453,25.364294052124023,37000
ACGLP,2020-01-30,25.51000022888184,25.799999237060547,25.51000022888184,25.78499984741211,25.448183059692383,47300
ACGLP,2020-01-31,25.700000762939453,25.989999771118164,25.700000762939453,25.940000534057617,25.601158142089844,57400
ACGLP,2020-02-03,25.88999938964844,25.940000534057617,25.780000686645508,25.84000015258789,25.502464294433597,28800
ACGLP,2020-02-04,25.780000686645508,25.84000015258789,25.761999130249023,25.84000015258789,25.502464294433597,34000
ACGLP,2020-02-05,25.76000022888184,25.799999237060547,25.750999450683597,25.790000915527344,25.45311737060547,21600
ACGLP,2020-02-06,25.709999084472656,25.8799991607666,25.709999084472656,25.8799991607666,25.541940689086918,59800
ACGLP,2020-02-07,25.8799991607666,25.96999931335449,25.858999252319336,25.93000030517578,25.591289520263672,76900
ACGLP,2020-02-10,25.8799991607666,26.09000015258789,25.875,26.040000915527344,25.699851989746094,77400
ACGLP,2020-02-11,25.950000762939453,26.1299991607666,25.950000762939453,26.040000915527344,25.699851989746094,48600
ACGLP,2020-02-12,25.959999084472656,26.0,25.93000030517578,25.979999542236328,25.640634536743164,27300
ACGLP,2020-02-13,25.950000762939453,26.0,25.905000686645508,25.929000854492188,25.590301513671875,29800
ACGLP,2020-02-14,25.93000030517578,26.0,25.8700008392334,26.0,25.66037368774414,20500
ACGLP,2020-02-18,25.950000762939453,26.0,25.83699989318848,26.0,25.66037368774414,12400
ACGLP,2020-02-19,25.979999542236328,25.979999542236328,25.790000915527344,25.790000915527344,25.45311737060547,35500
ACGLP,2020-02-20,25.559999465942383,25.780000686645508,25.520000457763672,25.65999984741211,25.32481575012207,52300
ACGLP,2020-02-21,25.65999984741211,25.76000022888184,25.57999992370605,25.649999618530277,25.314945220947266,32700
ACGLP,2020-02-24,25.649999618530277,25.649999618530277,25.440000534057617,25.450000762939453,25.1175594329834,20900
ACGLP,2020-02-25,25.43000030517578,25.549999237060547,25.1299991607666,25.25,24.9201717376709,60500
ACGLP,2020-02-26,25.059999465942383,25.399999618530277,25.059999465942383,25.25,24.9201717376709,146400
ACGLP,2020-02-27,25.299999237060547,25.450000762939453,25.100000381469727,25.299999237060547,24.96951675415039,91500
ACGLP,2020-02-28,25.26000022888184,25.34000015258789,25.01000022888184,25.01000022888184,24.683305740356445,121800
ACGLP,2020-03-02,25.200000762939453,25.549999237060547,25.200000762939453,25.530000686645508,25.196514129638672,30200
ACGLP,2020-03-03,25.5,25.975000381469727,25.5,25.61000061035156,25.275468826293945,83200
ACGLP,2020-03-04,25.530000686645508,25.940000534057617,25.530000686645508,25.8700008392334,25.532072067260746,67900
ACGLP,2020-03-05,25.809999465942383,25.8700008392334,25.71999931335449,25.75,25.41363906860352,39900
ACGLP,2020-03-06,25.63999938964844,25.649999618530277,25.36000061035156,25.43000030517578,25.097820281982425,31000
ACGLP,2020-03-09,25.0,25.100000381469727,24.770000457763672,24.93000030517578,24.60435104370117,78400
ACGLP,2020-03-10,25.030000686645508,25.399999618530277,24.93000030517578,25.209999084472656,24.880693435668945,50300
ACGLP,2020-03-11,25.209999084472656,25.209999084472656,24.93000030517578,25.11000061035156,24.78199958801269,51900
ACGLP,2020-03-12,24.63999938964844,24.63999938964844,22.07999992370605,22.68000030517578,22.68000030517578,117400
ACGLP,2020-03-13,23.0,23.0,22.57999992370605,22.75,22.75,59000
ACGLP,2020-03-16,22.75,22.899999618530277,21.15999984741211,21.850000381469727,21.850000381469727,81300
ACGLP,2020-03-17,21.899999618530277,22.0,21.030000686645508,21.040000915527344,21.040000915527344,68100
ACGLP,2020-03-18,20.899999618530277,20.899999618530277,16.43000030517578,17.75,17.75,93300
ACGLP,2020-03-19,17.700000762939453,17.700000762939453,16.260000228881836,16.399999618530273,16.399999618530273,152500
ACGLP,2020-03-20,16.68000030517578,18.530000686645508,16.60099983215332,17.0,17.0,120000
ACGLP,2020-03-23,17.0,18.03499984741211,16.1299991607666,17.209999084472656,17.209999084472656,103600
ACGLP,2020-03-24,17.65999984741211,19.84000015258789,17.65999984741211,19.25,19.25,63400
ACGLP,2020-03-25,20.0,23.0,20.0,22.11000061035156,22.11000061035156,61800
ACGLP,2020-03-26,22.489999771118164,22.940000534057617,22.200000762939453,22.81999969482422,22.81999969482422,49800
ACGLP,2020-03-27,22.899999618530277,22.899999618530277,22.11000061035156,22.350000381469727,22.350000381469727,62500
ACGLP,2020-03-30,22.299999237060547,22.700000762939453,22.100000381469727,22.56999969482422,22.56999969482422,32500
ACGLP,2020-03-31,22.850000381469727,22.979999542236328,22.21999931335449,22.940000534057617,22.940000534057617,75500
ACGLP,2020-04-01,22.649999618530277,22.649999618530277,21.75,22.020000457763672,22.020000457763672,71800
