ADSW,2016-10-06,20.5,21.5,19.51000022888184,20.0,20.0,11662300
ADSW,2016-10-07,19.51000022888184,20.26000022888184,19.51000022888184,20.0,20.0,943700
ADSW,2016-10-10,19.86000061035156,20.21999931335449,19.86000061035156,20.0,20.0,337200
ADSW,2016-10-11,19.989999771118164,20.18899917602539,19.665000915527344,20.049999237060547,20.049999237060547,361000
ADSW,2016-10-12,20.040000915527344,20.1299991607666,19.90999984741211,20.0,20.0,342800
ADSW,2016-10-13,20.399999618530277,20.399999618530277,19.170000076293945,19.350000381469727,19.350000381469727,1239000
ADSW,2016-10-14,19.51000022888184,20.040000915527344,19.25,19.450000762939453,19.450000762939453,556200
ADSW,2016-10-17,19.51000022888184,20.0,19.40999984741211,19.540000915527344,19.540000915527344,195500
ADSW,2016-10-18,19.61000061035156,19.989999771118164,19.36000061035156,19.57999992370605,19.57999992370605,203200
ADSW,2016-10-19,19.6299991607666,19.71999931335449,19.31999969482422,19.5,19.5,310500
ADSW,2016-10-20,19.350000381469727,19.440000534057617,18.86000061035156,19.280000686645508,19.280000686645508,280600
ADSW,2016-10-21,19.15999984741211,19.739999771118164,19.15999984741211,19.38999938964844,19.38999938964844,474900
ADSW,2016-10-24,19.38999938964844,19.780000686645508,19.15999984741211,19.65999984741211,19.65999984741211,416700
ADSW,2016-10-25,19.56999969482422,20.09000015258789,19.459999084472656,19.850000381469727,19.850000381469727,155900
ADSW,2016-10-26,20.149999618530277,20.3799991607666,19.8700008392334,20.13999938964844,20.13999938964844,148200
ADSW,2016-10-27,20.670000076293945,20.84000015258789,19.709999084472656,19.899999618530277,19.899999618530277,218700
ADSW,2016-10-28,19.75,20.229999542236328,19.75,20.100000381469727,20.100000381469727,377400
ADSW,2016-10-31,20.34000015258789,20.46999931335449,19.82999992370605,20.030000686645508,20.030000686645508,496400
ADSW,2016-11-01,20.100000381469727,20.21999931335449,19.815000534057617,20.01000022888184,20.01000022888184,480700
ADSW,2016-11-02,20.11000061035156,20.32999992370605,19.489999771118164,19.540000915527344,19.540000915527344,342900
ADSW,2016-11-03,19.649999618530277,19.93000030517578,19.25,19.43000030517578,19.43000030517578,210300
ADSW,2016-11-04,19.399999618530277,19.46999931335449,18.31999969482422,19.3700008392334,19.3700008392334,647400
ADSW,2016-11-07,19.489999771118164,19.5,18.801000595092773,19.479999542236328,19.479999542236328,467500
ADSW,2016-11-08,19.31999969482422,19.709999084472656,19.274999618530277,19.350000381469727,19.350000381469727,359100
ADSW,2016-11-09,19.3700008392334,19.520000457763672,19.34000015258789,19.399999618530277,19.399999618530277,485000
ADSW,2016-11-10,19.440000534057617,19.5,19.1200008392334,19.280000686645508,19.280000686645508,208400
ADSW,2016-11-11,19.25,20.06999969482422,19.25,19.93000030517578,19.93000030517578,294200
ADSW,2016-11-14,19.93000030517578,20.38999938964844,19.809999465942383,20.15999984741211,20.15999984741211,321800
ADSW,2016-11-15,20.049999237060547,20.200000762939453,19.96999931335449,20.0,20.0,181900
ADSW,2016-11-16,20.0,20.1200008392334,19.709999084472656,19.780000686645508,19.780000686645508,201800
ADSW,2016-11-17,19.940000534057617,20.0,19.82999992370605,20.0,20.0,159700
ADSW,2016-11-18,19.950000762939453,20.09000015258789,19.86000061035156,20.0,20.0,243400
ADSW,2016-11-21,20.049999237060547,20.170000076293945,19.81999969482422,20.0,20.0,225400
ADSW,2016-11-22,20.01000022888184,20.049999237060547,19.74099922180176,19.950000762939453,19.950000762939453,237500
ADSW,2016-11-23,19.950000762939453,20.0,19.59000015258789,19.86000061035156,19.86000061035156,183600
ADSW,2016-11-25,19.899999618530277,20.0,19.81999969482422,20.0,20.0,79700
ADSW,2016-11-28,19.940000534057617,20.239999771118164,19.709999084472656,19.989999771118164,19.989999771118164,360200
ADSW,2016-11-29,19.950000762939453,20.399999618530277,19.88999938964844,20.36000061035156,20.36000061035156,503100
ADSW,2016-11-30,20.31999969482422,20.43000030517578,19.56999969482422,20.059999465942383,20.059999465942383,422300
ADSW,2016-12-01,20.0,20.25,19.88999938964844,20.149999618530277,20.149999618530277,304300
ADSW,2016-12-02,20.18000030517578,20.31999969482422,19.86000061035156,20.100000381469727,20.100000381469727,277600
ADSW,2016-12-05,20.190000534057617,20.299999237060547,19.700000762939453,19.82999992370605,19.82999992370605,271900
ADSW,2016-12-06,19.780000686645508,20.100000381469727,19.60099983215332,20.020000457763672,20.020000457763672,215100
ADSW,2016-12-07,20.040000915527344,20.084999084472656,19.61000061035156,19.959999084472656,19.959999084472656,313800
ADSW,2016-12-08,19.989999771118164,20.030000686645508,19.649999618530277,19.81999969482422,19.81999969482422,323800
ADSW,2016-12-09,19.81999969482422,20.5,19.81999969482422,20.270000457763672,20.270000457763672,291300
ADSW,2016-12-12,20.399999618530277,20.600000381469727,20.07999992370605,20.26000022888184,20.26000022888184,344500
ADSW,2016-12-13,20.290000915527344,20.399999618530277,19.940000534057617,19.96999931335449,19.96999931335449,269200
ADSW,2016-12-14,19.899999618530277,20.030000686645508,19.229999542236328,19.40999984741211,19.40999984741211,265400
ADSW,2016-12-15,19.350000381469727,19.90999984741211,19.34000015258789,19.530000686645508,19.530000686645508,275700
ADSW,2016-12-16,19.450000762939453,20.479999542236328,19.450000762939453,20.149999618530277,20.149999618530277,3139000
ADSW,2016-12-19,20.15999984741211,21.15999984741211,20.13999938964844,20.96999931335449,20.96999931335449,360500
ADSW,2016-12-20,21.07999992370605,21.440000534057617,20.989999771118164,21.399999618530277,21.399999618530277,476100
ADSW,2016-12-21,21.43000030517578,21.989999771118164,21.280000686645508,21.799999237060547,21.799999237060547,300400
ADSW,2016-12-22,21.81999969482422,21.8700008392334,21.31999969482422,21.75,21.75,290700
ADSW,2016-12-23,21.8700008392334,22.21999931335449,21.530000686645508,21.979999542236328,21.979999542236328,475600
ADSW,2016-12-27,21.899999618530277,22.1299991607666,21.8799991607666,21.989999771118164,21.989999771118164,104300
ADSW,2016-12-28,22.040000915527344,22.13999938964844,21.770000457763672,21.850000381469727,21.850000381469727,313300
ADSW,2016-12-29,21.940000534057617,22.190000534057617,21.940000534057617,22.11000061035156,22.11000061035156,129100
ADSW,2016-12-30,22.100000381469727,22.415000915527344,22.100000381469727,22.21999931335449,22.21999931335449,149800
ADSW,2017-01-03,22.3799991607666,22.489999771118164,22.170000076293945,22.459999084472656,22.459999084472656,189100
ADSW,2017-01-04,22.46999931335449,22.56999969482422,22.01000022888184,22.040000915527344,22.040000915527344,266600
ADSW,2017-01-05,22.020000457763672,22.13999938964844,21.600000381469727,22.07999992370605,22.07999992370605,569000
ADSW,2017-01-06,22.020000457763672,22.459999084472656,21.850000381469727,22.239999771118164,22.239999771118164,377500
ADSW,2017-01-09,22.149999618530277,22.280000686645508,21.690000534057617,22.040000915527344,22.040000915527344,189800
ADSW,2017-01-10,22.26000022888184,22.5,21.850000381469727,22.07999992370605,22.07999992370605,197300
ADSW,2017-01-11,21.959999084472656,22.277999877929688,21.780000686645508,22.049999237060547,22.049999237060547,159800
ADSW,2017-01-12,21.899999618530277,21.899999618530277,21.25,21.34000015258789,21.34000015258789,222300
ADSW,2017-01-13,21.3799991607666,21.94499969482422,21.3799991607666,21.709999084472656,21.709999084472656,117200
ADSW,2017-01-17,21.68000030517578,22.100000381469727,21.530000686645508,21.6299991607666,21.6299991607666,185400
ADSW,2017-01-18,21.61000061035156,21.989999771118164,21.530000686645508,21.799999237060547,21.799999237060547,224100
ADSW,2017-01-19,21.799999237060547,21.90399932861328,21.170000076293945,21.25,21.25,119600
ADSW,2017-01-20,21.239999771118164,21.700000762939453,21.239999771118164,21.540000915527344,21.540000915527344,85200
ADSW,2017-01-23,21.530000686645508,21.989999771118164,21.301000595092773,21.93000030517578,21.93000030517578,97800
ADSW,2017-01-24,21.959999084472656,22.100000381469727,21.61000061035156,22.030000686645508,22.030000686645508,45900
ADSW,2017-01-25,22.100000381469727,22.43000030517578,21.96999931335449,22.399999618530277,22.399999618530277,31500
ADSW,2017-01-26,22.36000061035156,22.43000030517578,22.040000915527344,22.15999984741211,22.15999984741211,51600
ADSW,2017-01-27,22.375,22.424999237060547,21.959999084472656,21.979999542236328,21.979999542236328,51800
ADSW,2017-01-30,21.8700008392334,22.290000915527344,21.614999771118164,21.93000030517578,21.93000030517578,61600
ADSW,2017-01-31,21.739999771118164,22.31999969482422,21.600000381469727,22.209999084472656,22.209999084472656,122800
ADSW,2017-02-01,22.190000534057617,22.36000061035156,22.11000061035156,22.200000762939453,22.200000762939453,53500
ADSW,2017-02-02,22.280000686645508,22.280000686645508,21.780000686645508,21.959999084472656,21.959999084472656,57900
ADSW,2017-02-03,22.229999542236328,22.25,21.549999237060547,21.81999969482422,21.81999969482422,78300
ADSW,2017-02-06,21.84000015258789,22.020000457763672,21.739999771118164,21.850000381469727,21.850000381469727,41300
ADSW,2017-02-07,21.950000762939453,21.950000762939453,21.6299991607666,21.739999771118164,21.739999771118164,73000
ADSW,2017-02-08,21.75,22.46999931335449,21.549999237060547,22.1299991607666,22.1299991607666,147200
ADSW,2017-02-09,22.18000030517578,22.18000030517578,21.56999969482422,21.899999618530277,21.899999618530277,99700
ADSW,2017-02-10,21.96999931335449,22.26000022888184,21.81999969482422,22.100000381469727,22.100000381469727,114800
ADSW,2017-02-13,22.209999084472656,22.440000534057617,21.940000534057617,22.030000686645508,22.030000686645508,91300
ADSW,2017-02-14,21.979999542236328,22.229999542236328,21.81999969482422,21.93000030517578,21.93000030517578,63500
ADSW,2017-02-15,21.920000076293945,22.36000061035156,21.8799991607666,22.34000015258789,22.34000015258789,99500
ADSW,2017-02-16,22.3799991607666,22.3799991607666,21.979999542236328,22.1299991607666,22.1299991607666,149700
ADSW,2017-02-17,21.88999938964844,22.36000061035156,21.88999938964844,22.020000457763672,22.020000457763672,118900
ADSW,2017-02-21,22.38999938964844,22.6200008392334,22.0,22.459999084472656,22.459999084472656,149700
ADSW,2017-02-22,22.540000915527344,22.799999237060547,22.030000686645508,22.1200008392334,22.1200008392334,176900
ADSW,2017-02-23,22.229999542236328,22.34000015258789,21.649999618530277,22.0,22.0,215800
ADSW,2017-02-24,22.0,22.059999465942383,21.61000061035156,21.84000015258789,21.84000015258789,144900
ADSW,2017-02-27,21.84000015258789,22.0,21.84000015258789,22.0,22.0,94200
ADSW,2017-02-28,22.0,22.200000762939453,21.850000381469727,21.8799991607666,21.8799991607666,164700
ADSW,2017-03-01,22.0,22.5,21.88999938964844,22.5,22.5,317400
ADSW,2017-03-02,22.5,23.09000015258789,22.440000534057617,23.0,23.0,453300
ADSW,2017-03-03,22.82999992370605,24.100000381469727,22.82999992370605,23.34000015258789,23.34000015258789,505100
ADSW,2017-03-06,23.450000762939453,23.65999984741211,23.1200008392334,23.309999465942383,23.309999465942383,373100
ADSW,2017-03-07,23.270000457763672,23.649999618530277,23.190000534057617,23.200000762939453,23.200000762939453,104500
ADSW,2017-03-08,23.290000915527344,23.35400009155273,22.940000534057617,22.96999931335449,22.96999931335449,97300
ADSW,2017-03-09,23.01000022888184,23.15999984741211,22.8799991607666,23.040000915527344,23.040000915527344,165900
ADSW,2017-03-10,23.15999984741211,23.40999984741211,23.020000457763672,23.270000457763672,23.270000457763672,193000
ADSW,2017-03-13,23.309999465942383,23.56999969482422,22.63500022888184,23.270000457763672,23.270000457763672,161800
ADSW,2017-03-14,23.149999618530277,23.440000534057617,22.825000762939453,22.90999984741211,22.90999984741211,209300
ADSW,2017-03-15,23.0,23.420000076293945,22.80500030517578,23.299999237060547,23.299999237060547,109000
ADSW,2017-03-16,23.36000061035156,23.729999542236328,23.270000457763672,23.51000022888184,23.51000022888184,180200
ADSW,2017-03-17,23.6200008392334,23.899999618530277,23.51000022888184,23.700000762939453,23.700000762939453,278100
ADSW,2017-03-20,23.690000534057617,23.780000686645508,23.309999465942383,23.350000381469727,23.350000381469727,122100
ADSW,2017-03-21,23.479999542236328,23.479999542236328,22.690000534057617,22.770000457763672,22.770000457763672,186400
ADSW,2017-03-22,22.780000686645508,22.88999938964844,22.520000457763672,22.770000457763672,22.770000457763672,258200
ADSW,2017-03-23,22.850000381469727,23.030000686645508,22.63500022888184,22.71999931335449,22.71999931335449,85100
ADSW,2017-03-24,22.75,22.920000076293945,22.6200008392334,22.739999771118164,22.739999771118164,110500
ADSW,2017-03-27,22.68000030517578,22.68000030517578,22.399999618530277,22.549999237060547,22.549999237060547,95600
ADSW,2017-03-28,22.450000762939453,23.030000686645508,22.299999237060547,22.8799991607666,22.8799991607666,143400
ADSW,2017-03-29,22.780000686645508,22.989999771118164,22.65999984741211,22.700000762939453,22.700000762939453,178800
ADSW,2017-03-30,22.780000686645508,22.8799991607666,22.479999542236328,22.799999237060547,22.799999237060547,317900
ADSW,2017-03-31,22.790000915527344,23.030000686645508,22.46999931335449,22.600000381469727,22.600000381469727,243700
ADSW,2017-04-03,22.6299991607666,22.959999084472656,22.280000686645508,22.75,22.75,169400
ADSW,2017-04-04,22.799999237060547,23.229999542236328,22.75,23.190000534057617,23.190000534057617,101100
ADSW,2017-04-05,23.34000015258789,23.450000762939453,23.170000076293945,23.299999237060547,23.299999237060547,187200
ADSW,2017-04-06,23.399999618530277,23.670000076293945,22.934999465942383,23.31999969482422,23.31999969482422,271600
ADSW,2017-04-07,23.299999237060547,23.625,23.25,23.290000915527344,23.290000915527344,290800
ADSW,2017-04-10,23.38999938964844,24.030000686645508,23.31999969482422,23.729999542236328,23.729999542236328,229500
ADSW,2017-04-11,23.75,23.93000030517578,22.799999237060547,22.81999969482422,22.81999969482422,383000
ADSW,2017-04-12,22.88999938964844,22.940000534057617,22.38999938964844,22.5,22.5,347000
ADSW,2017-04-13,22.40999984741211,22.670000076293945,22.36000061035156,22.46999931335449,22.46999931335449,346900
ADSW,2017-04-17,22.3799991607666,22.979999542236328,22.31999969482422,22.950000762939453,22.950000762939453,262200
ADSW,2017-04-18,22.84000015258789,23.040000915527344,22.75,23.020000457763672,23.020000457763672,51700
ADSW,2017-04-19,23.01000022888184,23.229999542236328,23.0049991607666,23.149999618530277,23.149999618530277,73700
ADSW,2017-04-20,23.229999542236328,23.59000015258789,23.13999938964844,23.59000015258789,23.59000015258789,122200
ADSW,2017-04-21,23.56999969482422,23.709999084472656,23.520000457763672,23.65999984741211,23.65999984741211,95000
ADSW,2017-04-24,23.950000762939453,23.950000762939453,23.600000381469727,23.6200008392334,23.6200008392334,210000
ADSW,2017-04-25,23.65999984741211,23.8700008392334,23.59000015258789,23.61000061035156,23.61000061035156,120200
ADSW,2017-04-26,23.549999237060547,23.878999710083008,23.3799991607666,23.3799991607666,23.3799991607666,235100
ADSW,2017-04-27,23.440000534057617,23.950000762939453,23.38999938964844,23.729999542236328,23.729999542236328,287300
ADSW,2017-04-28,23.770000457763672,23.88999938964844,23.540000915527344,23.780000686645508,23.780000686645508,79800
ADSW,2017-05-01,23.809999465942383,23.989999771118164,23.709999084472656,23.959999084472656,23.959999084472656,186200
ADSW,2017-05-02,23.979999542236328,24.030000686645508,23.65999984741211,23.68000030517578,23.68000030517578,186300
ADSW,2017-05-03,23.690000534057617,23.690000534057617,23.200000762939453,23.36000061035156,23.36000061035156,100900
ADSW,2017-05-04,23.399999618530277,23.420000076293945,23.1200008392334,23.3799991607666,23.3799991607666,58900
ADSW,2017-05-05,23.440000534057617,24.06999969482422,23.09000015258789,23.149999618530277,23.149999618530277,146300
ADSW,2017-05-08,23.059999465942383,23.34000015258789,22.91200065612793,22.979999542236328,22.979999542236328,183600
ADSW,2017-05-09,23.0,23.030000686645508,22.790000915527344,22.8700008392334,22.8700008392334,89600
ADSW,2017-05-10,22.899999618530277,22.899999618530277,22.540000915527344,22.559999465942383,22.559999465942383,106500
ADSW,2017-05-11,22.46999931335449,22.549999237060547,21.90999984741211,22.0,22.0,135300
ADSW,2017-05-12,21.920000076293945,21.920000076293945,21.18000030517578,21.65999984741211,21.65999984741211,112100
ADSW,2017-05-15,21.76000022888184,21.8799991607666,21.56999969482422,21.6200008392334,21.6200008392334,104700
ADSW,2017-05-16,20.940000534057617,21.75,20.940000534057617,21.51000022888184,21.51000022888184,460100
ADSW,2017-05-17,21.25,22.100000381469727,21.25,21.8700008392334,21.8700008392334,463000
ADSW,2017-05-18,21.71999931335449,22.209999084472656,21.670000076293945,21.989999771118164,21.989999771118164,6595400
ADSW,2017-05-19,22.049999237060547,22.32999992370605,21.86000061035156,21.920000076293945,21.920000076293945,1137900
ADSW,2017-05-22,21.86000061035156,22.76000022888184,21.700000762939453,22.65999984741211,22.65999984741211,2107900
ADSW,2017-05-23,22.63999938964844,22.950000762939453,22.56100082397461,22.57999992370605,22.57999992370605,668500
ADSW,2017-05-24,22.559999465942383,22.959999084472656,22.400999069213867,22.84000015258789,22.84000015258789,895100
ADSW,2017-05-25,22.82999992370605,23.100000381469727,22.81999969482422,23.06999969482422,23.06999969482422,654800
ADSW,2017-05-26,23.09000015258789,23.21999931335449,22.88999938964844,22.959999084472656,22.959999084472656,1140600
ADSW,2017-05-30,23.01000022888184,23.100000381469727,22.739999771118164,22.82999992370605,22.82999992370605,311500
ADSW,2017-05-31,22.809999465942383,23.399999618530277,22.80500030517578,23.31999969482422,23.31999969482422,535100
ADSW,2017-06-01,23.459999084472656,23.600000381469727,23.229999542236328,23.57999992370605,23.57999992370605,743400
ADSW,2017-06-02,23.600000381469727,24.020000457763672,23.5,23.82999992370605,23.82999992370605,787000
ADSW,2017-06-05,23.809999465942383,23.809999465942383,23.5,23.559999465942383,23.559999465942383,559600
ADSW,2017-06-06,23.51000022888184,23.88999938964844,23.489999771118164,23.76000022888184,23.76000022888184,374800
ADSW,2017-06-07,23.770000457763672,24.059999465942383,23.65999984741211,23.770000457763672,23.770000457763672,447400
ADSW,2017-06-08,23.86000061035156,24.00300025939941,23.51000022888184,23.61000061035156,23.61000061035156,241300
ADSW,2017-06-09,23.649999618530277,23.899999618530277,23.530000686645508,23.82999992370605,23.82999992370605,615100
ADSW,2017-06-12,23.8700008392334,24.030000686645508,23.229999542236328,23.229999542236328,23.229999542236328,801500
ADSW,2017-06-13,23.229999542236328,23.57999992370605,23.01000022888184,23.40999984741211,23.40999984741211,366700
ADSW,2017-06-14,23.46999931335449,23.51000022888184,23.15999984741211,23.399999618530277,23.399999618530277,285100
ADSW,2017-06-15,23.239999771118164,23.489999771118164,23.15999984741211,23.459999084472656,23.459999084472656,240700
ADSW,2017-06-16,23.350000381469727,23.799999237060547,23.1299991607666,23.75,23.75,892800
ADSW,2017-06-19,23.63999938964844,23.71999931335449,23.40999984741211,23.43000030517578,23.43000030517578,223700
ADSW,2017-06-20,23.420000076293945,23.530000686645508,23.170000076293945,23.229999542236328,23.229999542236328,195500
ADSW,2017-06-21,23.34000015258789,23.36000061035156,23.030000686645508,23.06999969482422,23.06999969482422,336800
ADSW,2017-06-22,23.13999938964844,23.38999938964844,22.809999465942383,23.190000534057617,23.190000534057617,274200
ADSW,2017-06-23,23.209999084472656,23.239999771118164,22.940000534057617,23.209999084472656,23.209999084472656,732400
ADSW,2017-06-26,23.209999084472656,23.450000762939453,22.93000030517578,23.100000381469727,23.100000381469727,225500
ADSW,2017-06-27,23.020000457763672,23.170000076293945,22.84000015258789,22.850000381469727,22.850000381469727,215300
ADSW,2017-06-28,22.90999984741211,23.1299991607666,22.88999938964844,22.899999618530277,22.899999618530277,224300
ADSW,2017-06-29,22.8799991607666,22.959999084472656,22.5,22.61000061035156,22.61000061035156,359900
ADSW,2017-06-30,22.709999084472656,22.809999465942383,22.55500030517578,22.729999542236328,22.729999542236328,267000
ADSW,2017-07-03,22.71999931335449,22.899999618530277,22.51000022888184,22.71999931335449,22.71999931335449,166100
ADSW,2017-07-05,22.71999931335449,22.809999465942383,22.399999618530277,22.709999084472656,22.709999084472656,313700
ADSW,2017-07-06,22.559999465942383,22.61000061035156,22.350000381469727,22.57999992370605,22.57999992370605,327200
ADSW,2017-07-07,22.709999084472656,22.790000915527344,22.5,22.709999084472656,22.709999084472656,355100
ADSW,2017-07-10,22.6299991607666,22.670000076293945,22.38999938964844,22.440000534057617,22.440000534057617,259900
ADSW,2017-07-11,22.450000762939453,22.600000381469727,22.3700008392334,22.489999771118164,22.489999771118164,224300
ADSW,2017-07-12,22.59000015258789,23.01000022888184,22.40999984741211,23.0,23.0,232100
ADSW,2017-07-13,23.0,23.209999084472656,22.68000030517578,23.11000061035156,23.11000061035156,262800
ADSW,2017-07-14,23.09000015258789,23.21999931335449,22.96999931335449,23.200000762939453,23.200000762939453,138200
ADSW,2017-07-17,23.100000381469727,23.299999237060547,22.989999771118164,23.25,23.25,177000
ADSW,2017-07-18,23.15999984741211,23.520000457763672,23.020000457763672,23.399999618530277,23.399999618530277,536500
ADSW,2017-07-19,23.43000030517578,23.549999237060547,23.32999992370605,23.420000076293945,23.420000076293945,479700
ADSW,2017-07-20,23.350000381469727,23.479999542236328,23.190000534057617,23.40999984741211,23.40999984741211,156900
ADSW,2017-07-21,23.489999771118164,23.489999771118164,23.270000457763672,23.450000762939453,23.450000762939453,178200
ADSW,2017-07-24,23.40999984741211,23.540000915527344,23.21999931335449,23.43000030517578,23.43000030517578,332100
ADSW,2017-07-25,23.440000534057617,24.229999542236328,23.434999465942383,24.0,24.0,732800
ADSW,2017-07-26,24.059999465942383,24.32999992370605,24.0,24.020000457763672,24.020000457763672,675100
ADSW,2017-07-27,24.09000015258789,24.1200008392334,23.84499931335449,24.049999237060547,24.049999237060547,223600
ADSW,2017-07-28,23.93000030517578,24.2450008392334,23.76000022888184,23.959999084472656,23.959999084472656,285800
ADSW,2017-07-31,23.989999771118164,24.209999084472656,23.950000762939453,24.18000030517578,24.18000030517578,300000
ADSW,2017-08-01,24.299999237060547,24.440000534057617,24.11000061035156,24.350000381469727,24.350000381469727,420900
ADSW,2017-08-02,24.3799991607666,24.459999084472656,24.149999618530277,24.26000022888184,24.26000022888184,411700
ADSW,2017-08-03,24.75,24.81999969482422,23.770000457763672,23.920000076293945,23.920000076293945,449600
ADSW,2017-08-04,24.06999969482422,24.209999084472656,23.899999618530277,24.0,24.0,540300
ADSW,2017-08-07,23.43000030517578,23.80500030517578,22.549999237060547,22.850000381469727,22.850000381469727,558800
ADSW,2017-08-08,22.899999618530277,23.6299991607666,22.88999938964844,23.5,23.5,369100
ADSW,2017-08-09,23.6200008392334,23.979999542236328,22.88999938964844,23.100000381469727,23.100000381469727,489500
ADSW,2017-08-10,23.030000686645508,23.07999992370605,22.76000022888184,23.0,23.0,524300
ADSW,2017-08-11,22.86000061035156,23.334999084472656,22.65999984741211,22.950000762939453,22.950000762939453,326200
ADSW,2017-08-14,23.100000381469727,23.149999618530277,22.93000030517578,22.96999931335449,22.96999931335449,253700
ADSW,2017-08-15,22.90999984741211,22.989999771118164,22.78499984741211,22.93000030517578,22.93000030517578,197000
ADSW,2017-08-16,22.959999084472656,23.229999542236328,22.88999938964844,23.200000762939453,23.200000762939453,186600
ADSW,2017-08-17,23.149999618530277,23.43000030517578,23.09000015258789,23.21999931335449,23.21999931335449,279500
ADSW,2017-08-18,23.07999992370605,23.26000022888184,22.93000030517578,22.940000534057617,22.940000534057617,326000
ADSW,2017-08-21,22.8799991607666,23.114999771118164,22.82999992370605,22.979999542236328,22.979999542236328,248100
ADSW,2017-08-22,23.030000686645508,23.26000022888184,22.920000076293945,23.11000061035156,23.11000061035156,160600
ADSW,2017-08-23,23.0,23.290000915527344,22.950000762939453,23.200000762939453,23.200000762939453,96900
ADSW,2017-08-24,23.190000534057617,23.739999771118164,23.149999618530277,23.489999771118164,23.489999771118164,334500
ADSW,2017-08-25,23.51000022888184,23.600000381469727,23.315000534057617,23.559999465942383,23.559999465942383,354500
ADSW,2017-08-28,23.5,23.729999542236328,23.3799991607666,23.489999771118164,23.489999771118164,326400
ADSW,2017-08-29,23.440000534057617,23.81999969482422,23.440000534057617,23.690000534057617,23.690000534057617,231100
ADSW,2017-08-30,23.739999771118164,23.899999618530277,23.46999931335449,23.6299991607666,23.6299991607666,257900
ADSW,2017-08-31,23.63999938964844,24.030000686645508,23.489999771118164,23.84000015258789,23.84000015258789,613700
ADSW,2017-09-01,23.82999992370605,24.06999969482422,23.76000022888184,23.850000381469727,23.850000381469727,254500
ADSW,2017-09-05,23.75,24.09000015258789,23.57999992370605,23.76000022888184,23.76000022888184,378600
ADSW,2017-09-06,23.75,23.899999618530277,23.68000030517578,23.780000686645508,23.780000686645508,637500
ADSW,2017-09-07,23.739999771118164,23.88999938964844,23.57999992370605,23.690000534057617,23.690000534057617,447600
ADSW,2017-09-08,23.71999931335449,24.57999992370605,23.674999237060547,24.3799991607666,24.3799991607666,405200
ADSW,2017-09-11,24.56999969482422,24.649999618530277,24.399999618530277,24.530000686645508,24.530000686645508,393000
ADSW,2017-09-12,24.57999992370605,25.1200008392334,24.57999992370605,25.020000457763672,25.020000457763672,285100
ADSW,2017-09-13,24.979999542236328,25.13999938964844,24.81999969482422,24.86000061035156,24.86000061035156,376500
ADSW,2017-09-14,24.899999618530277,25.100000381469727,24.63999938964844,24.68000030517578,24.68000030517578,505100
ADSW,2017-09-15,24.739999771118164,25.100000381469727,24.270000457763672,24.3799991607666,24.3799991607666,2316700
ADSW,2017-09-18,24.34000015258789,24.63999938964844,24.25,24.479999542236328,24.479999542236328,314000
ADSW,2017-09-19,24.5,24.709999084472656,24.309999465942383,24.40999984741211,24.40999984741211,276300
ADSW,2017-09-20,24.40999984741211,24.584999084472656,24.239999771118164,24.299999237060547,24.299999237060547,224700
ADSW,2017-09-21,24.309999465942383,24.34000015258789,24.06999969482422,24.229999542236328,24.229999542236328,149700
ADSW,2017-09-22,24.270000457763672,24.700000762939453,24.270000457763672,24.440000534057617,24.440000534057617,336800
ADSW,2017-09-25,24.46999931335449,24.71999931335449,24.350000381469727,24.479999542236328,24.479999542236328,276000
ADSW,2017-09-26,24.540000915527344,24.75,24.461000442504883,24.61000061035156,24.61000061035156,296400
ADSW,2017-09-27,24.670000076293945,25.3799991607666,24.6200008392334,25.0,25.0,600900
ADSW,2017-09-28,24.90999984741211,25.18000030517578,24.739999771118164,25.1200008392334,25.1200008392334,309100
ADSW,2017-09-29,25.059999465942383,25.299999237060547,25.01000022888184,25.190000534057617,25.190000534057617,145600
ADSW,2017-10-02,25.18000030517578,25.489999771118164,25.1299991607666,25.459999084472656,25.459999084472656,268200
ADSW,2017-10-03,25.489999771118164,25.709999084472656,25.399999618530277,25.549999237060547,25.549999237060547,312700
ADSW,2017-10-04,24.01000022888184,24.950000762939453,23.649999618530277,24.61000061035156,24.61000061035156,1334800
ADSW,2017-10-05,24.61000061035156,24.850000381469727,24.56999969482422,24.670000076293945,24.670000076293945,171300
ADSW,2017-10-06,24.6200008392334,24.71500015258789,24.3799991607666,24.479999542236328,24.479999542236328,203100
ADSW,2017-10-09,24.549999237060547,24.68000030517578,24.3700008392334,24.43000030517578,24.43000030517578,197200
ADSW,2017-10-10,24.56999969482422,24.700000762939453,24.496999740600582,24.530000686645508,24.530000686645508,209100
ADSW,2017-10-11,24.559999465942383,24.875,24.549999237060547,24.8700008392334,24.8700008392334,308600
ADSW,2017-10-12,24.84000015258789,25.040000915527344,24.600000381469727,24.739999771118164,24.739999771118164,187800
ADSW,2017-10-13,24.81999969482422,24.81999969482422,24.56999969482422,24.600000381469727,24.600000381469727,152000
ADSW,2017-10-16,24.6299991607666,24.93000030517578,24.479999542236328,24.59000015258789,24.59000015258789,189000
ADSW,2017-10-17,24.57999992370605,24.770000457763672,24.43000030517578,24.540000915527344,24.540000915527344,194300
ADSW,2017-10-18,24.6299991607666,24.780000686645508,24.489999771118164,24.51000022888184,24.51000022888184,217000
ADSW,2017-10-19,24.440000534057617,24.59000015258789,24.170000076293945,24.290000915527344,24.290000915527344,205500
ADSW,2017-10-20,24.489999771118164,24.739999771118164,24.31999969482422,24.68000030517578,24.68000030517578,171000
ADSW,2017-10-23,24.68000030517578,24.780000686645508,24.440000534057617,24.559999465942383,24.559999465942383,114900
ADSW,2017-10-24,24.530000686645508,24.875,24.479999542236328,24.520000457763672,24.520000457763672,111500
ADSW,2017-10-25,24.530000686645508,24.739999771118164,24.489999771118164,24.63999938964844,24.63999938964844,238800
ADSW,2017-10-26,24.780000686645508,25.520000457763672,24.6299991607666,25.46999931335449,25.46999931335449,209600
ADSW,2017-10-27,25.520000457763672,25.59000015258789,24.75,24.850000381469727,24.850000381469727,204400
ADSW,2017-10-30,24.76000022888184,24.979999542236328,24.649999618530277,24.850000381469727,24.850000381469727,188200
ADSW,2017-10-31,24.76000022888184,24.96999931335449,24.700000762939453,24.920000076293945,24.920000076293945,188000
ADSW,2017-11-01,24.850000381469727,24.8799991607666,24.36000061035156,24.530000686645508,24.530000686645508,356200
ADSW,2017-11-02,24.040000915527344,24.239999771118164,22.3700008392334,22.600000381469727,22.600000381469727,1558600
ADSW,2017-11-03,22.420000076293945,22.645000457763672,22.059999465942383,22.540000915527344,22.540000915527344,736000
ADSW,2017-11-06,22.600000381469727,22.790000915527344,22.420000076293945,22.540000915527344,22.540000915527344,365000
ADSW,2017-11-07,22.5,22.81999969482422,22.5,22.780000686645508,22.780000686645508,412500
ADSW,2017-11-08,22.63999938964844,22.850000381469727,22.440000534057617,22.649999618530277,22.649999618530277,300100
ADSW,2017-11-09,22.600000381469727,22.68000030517578,22.40999984741211,22.6200008392334,22.6200008392334,243500
ADSW,2017-11-10,22.649999618530277,22.84000015258789,22.229999542236328,22.81999969482422,22.81999969482422,255600
ADSW,2017-11-13,22.71999931335449,22.93000030517578,22.6200008392334,22.81999969482422,22.81999969482422,166000
ADSW,2017-11-14,22.76000022888184,23.229999542236328,22.670000076293945,23.1200008392334,23.1200008392334,375600
ADSW,2017-11-15,23.11000061035156,23.420000076293945,22.950000762939453,23.0,23.0,338300
ADSW,2017-11-16,23.09000015258789,23.32999992370605,23.020000457763672,23.239999771118164,23.239999771118164,229200
ADSW,2017-11-17,23.420000076293945,23.459999084472656,22.8700008392334,23.01000022888184,23.01000022888184,2295400
ADSW,2017-11-20,23.0,23.13500022888184,22.729999542236328,22.82999992370605,22.82999992370605,760200
ADSW,2017-11-21,22.8700008392334,23.09000015258789,22.670000076293945,22.809999465942383,22.809999465942383,705200
ADSW,2017-11-22,22.84000015258789,22.86000061035156,22.399999618530277,22.520000457763672,22.520000457763672,404900
ADSW,2017-11-24,22.489999771118164,22.809999465942383,22.229999542236328,22.25,22.25,231200
ADSW,2017-11-27,22.25,22.520000457763672,22.209999084472656,22.43000030517578,22.43000030517578,416400
ADSW,2017-11-28,22.43000030517578,23.3799991607666,22.36000061035156,23.280000686645508,23.280000686645508,544200
ADSW,2017-11-29,23.31999969482422,23.795000076293945,23.18000030517578,23.68000030517578,23.68000030517578,544100
ADSW,2017-11-30,23.709999084472656,23.799999237060547,23.06999969482422,23.32999992370605,23.32999992370605,730900
ADSW,2017-12-01,23.280000686645508,23.450000762939453,22.780000686645508,23.040000915527344,23.040000915527344,489800
ADSW,2017-12-04,23.239999771118164,23.530000686645508,23.239999771118164,23.309999465942383,23.309999465942383,478000
ADSW,2017-12-05,23.3700008392334,23.3700008392334,22.65999984741211,22.690000534057617,22.690000534057617,283200
ADSW,2017-12-06,22.709999084472656,22.850000381469727,22.59000015258789,22.700000762939453,22.700000762939453,276800
ADSW,2017-12-07,22.71999931335449,22.8700008392334,22.549999237060547,22.65999984741211,22.65999984741211,280200
ADSW,2017-12-08,22.770000457763672,22.84000015258789,22.450000762939453,22.520000457763672,22.520000457763672,432300
ADSW,2017-12-11,23.07999992370605,23.5,22.82999992370605,23.030000686645508,23.030000686645508,750100
ADSW,2017-12-12,23.06999969482422,23.51000022888184,23.06999969482422,23.309999465942383,23.309999465942383,399300
ADSW,2017-12-13,23.1299991607666,23.440000534057617,23.1299991607666,23.18000030517578,23.18000030517578,265600
ADSW,2017-12-14,23.18000030517578,23.40999984741211,22.700000762939453,22.76000022888184,22.76000022888184,288200
ADSW,2017-12-15,22.82999992370605,23.15999984741211,22.82999992370605,23.01000022888184,23.01000022888184,752900
ADSW,2017-12-18,23.13999938964844,23.59000015258789,23.01000022888184,23.3700008392334,23.3700008392334,265100
ADSW,2017-12-19,23.40999984741211,23.549999237060547,23.309999465942383,23.5,23.5,895700
ADSW,2017-12-20,23.6299991607666,23.88999938964844,23.479999542236328,23.549999237060547,23.549999237060547,430100
ADSW,2017-12-21,23.57999992370605,23.81999969482422,23.5,23.690000534057617,23.690000534057617,807900
ADSW,2017-12-22,23.71999931335449,23.899999618530277,23.670000076293945,23.799999237060547,23.799999237060547,113000
ADSW,2017-12-26,23.690000534057617,23.82999992370605,23.670000076293945,23.729999542236328,23.729999542236328,175500
ADSW,2017-12-27,23.690000534057617,23.8700008392334,23.520000457763672,23.71999931335449,23.71999931335449,226200
ADSW,2017-12-28,23.81999969482422,23.920000076293945,23.61000061035156,23.809999465942383,23.809999465942383,357800
ADSW,2017-12-29,23.8700008392334,24.07999992370605,23.709999084472656,23.940000534057617,23.940000534057617,261000
ADSW,2018-01-02,23.959999084472656,24.020000457763672,23.309999465942383,23.450000762939453,23.450000762939453,464300
ADSW,2018-01-03,23.450000762939453,23.78499984741211,23.3799991607666,23.6299991607666,23.6299991607666,338200
ADSW,2018-01-04,23.68000030517578,23.979999542236328,23.540000915527344,23.780000686645508,23.780000686645508,220500
ADSW,2018-01-05,23.899999618530277,23.959999084472656,23.6200008392334,23.71999931335449,23.71999931335449,402700
ADSW,2018-01-08,23.68000030517578,23.8799991607666,23.489999771118164,23.6299991607666,23.6299991607666,296700
ADSW,2018-01-09,23.770000457763672,24.170000076293945,23.57999992370605,23.59000015258789,23.59000015258789,438000
ADSW,2018-01-10,23.5,23.709999084472656,23.350000381469727,23.56999969482422,23.56999969482422,632300
ADSW,2018-01-11,23.600000381469727,24.2450008392334,23.5,24.07999992370605,24.07999992370605,731300
ADSW,2018-01-12,24.1200008392334,24.36000061035156,23.850000381469727,24.170000076293945,24.170000076293945,865300
ADSW,2018-01-16,24.18000030517578,24.40999984741211,23.959999084472656,24.030000686645508,24.030000686645508,442300
ADSW,2018-01-17,24.100000381469727,24.239999771118164,23.88999938964844,23.989999771118164,23.989999771118164,234000
ADSW,2018-01-18,23.959999084472656,24.0,23.6299991607666,23.920000076293945,23.920000076293945,182400
ADSW,2018-01-19,23.8700008392334,24.26000022888184,23.770000457763672,24.07999992370605,24.07999992370605,318500
ADSW,2018-01-22,24.06999969482422,24.43000030517578,23.90999984741211,24.43000030517578,24.43000030517578,253200
ADSW,2018-01-23,24.36000061035156,24.40999984741211,24.1299991607666,24.36000061035156,24.36000061035156,99400
ADSW,2018-01-24,24.3799991607666,24.809999465942383,24.290000915527344,24.299999237060547,24.299999237060547,146600
ADSW,2018-01-25,24.440000534057617,24.440000534057617,24.1200008392334,24.32999992370605,24.32999992370605,95300
ADSW,2018-01-26,24.36000061035156,24.600000381469727,24.270000457763672,24.38999938964844,24.38999938964844,98500
ADSW,2018-01-29,24.38999938964844,24.420000076293945,24.18000030517578,24.190000534057617,24.190000534057617,157700
ADSW,2018-01-30,24.09000015258789,24.3799991607666,24.049999237060547,24.26000022888184,24.26000022888184,164800
ADSW,2018-01-31,24.31999969482422,24.520000457763672,24.155000686645508,24.3700008392334,24.3700008392334,163600
ADSW,2018-02-01,24.26000022888184,24.26000022888184,23.899999618530277,24.170000076293945,24.170000076293945,149500
ADSW,2018-02-02,24.07999992370605,24.2549991607666,23.94499969482422,24.020000457763672,24.020000457763672,178900
ADSW,2018-02-05,23.950000762939453,24.06999969482422,23.649999618530277,23.68000030517578,23.68000030517578,633800
ADSW,2018-02-06,23.229999542236328,23.65999984741211,22.649999618530277,23.280000686645508,23.280000686645508,900200
ADSW,2018-02-07,23.3799991607666,23.799999237060547,23.3700008392334,23.61000061035156,23.61000061035156,284300
ADSW,2018-02-08,23.670000076293945,23.670000076293945,22.959999084472656,22.96999931335449,22.96999931335449,782400
ADSW,2018-02-09,23.25,23.399999618530277,22.770000457763672,23.209999084472656,23.209999084472656,440800
ADSW,2018-02-12,23.290000915527344,23.375,22.790000915527344,22.850000381469727,22.850000381469727,206000
ADSW,2018-02-13,22.82999992370605,23.200000762939453,22.700000762939453,23.149999618530277,23.149999618530277,141900
ADSW,2018-02-14,22.96999931335449,23.670000076293945,22.8700008392334,23.600000381469727,23.600000381469727,157400
ADSW,2018-02-15,23.71999931335449,23.71999931335449,23.32999992370605,23.540000915527344,23.540000915527344,165300
ADSW,2018-02-16,23.450000762939453,24.11000061035156,23.450000762939453,23.950000762939453,23.950000762939453,121200
ADSW,2018-02-20,23.799999237060547,24.0,23.56999969482422,23.61000061035156,23.61000061035156,156100
ADSW,2018-02-21,23.65999984741211,23.940000534057617,23.43000030517578,23.59000015258789,23.59000015258789,158200
ADSW,2018-02-22,23.600000381469727,24.020000457763672,23.46999931335449,23.5,23.5,374900
ADSW,2018-02-23,22.18000030517578,23.350000381469727,22.15999984741211,22.32999992370605,22.32999992370605,458200
ADSW,2018-02-26,22.34000015258789,22.34000015258789,21.799999237060547,22.15999984741211,22.15999984741211,410900
ADSW,2018-02-27,22.290000915527344,22.729999542236328,22.290000915527344,22.51000022888184,22.51000022888184,273500
ADSW,2018-02-28,22.559999465942383,22.799999237060547,22.3799991607666,22.3799991607666,22.3799991607666,444400
ADSW,2018-03-01,22.290000915527344,22.440000534057617,21.549999237060547,21.6200008392334,21.6200008392334,500600
ADSW,2018-03-02,21.559999465942383,22.21999931335449,21.5,22.15999984741211,22.15999984741211,306300
ADSW,2018-03-05,22.13999938964844,22.309999465942383,21.93000030517578,22.26000022888184,22.26000022888184,284800
ADSW,2018-03-06,22.270000457763672,22.450000762939453,22.06999969482422,22.420000076293945,22.420000076293945,381200
ADSW,2018-03-07,22.34000015258789,22.61000061035156,22.229999542236328,22.520000457763672,22.520000457763672,214200
ADSW,2018-03-08,22.549999237060547,22.790000915527344,22.549999237060547,22.709999084472656,22.709999084472656,198200
ADSW,2018-03-09,22.31999969482422,23.049999237060547,22.25,22.729999542236328,22.729999542236328,2898200
ADSW,2018-03-12,22.8700008392334,23.239999771118164,22.780000686645508,22.780000686645508,22.780000686645508,821700
ADSW,2018-03-13,22.780000686645508,22.93899917602539,22.34000015258789,22.450000762939453,22.450000762939453,1404200
ADSW,2018-03-14,22.530000686645508,22.65999984741211,22.34000015258789,22.40999984741211,22.40999984741211,956700
ADSW,2018-03-15,22.5,22.729999542236328,22.420000076293945,22.459999084472656,22.459999084472656,769200
ADSW,2018-03-16,22.5,22.690000534057617,22.440000534057617,22.489999771118164,22.489999771118164,1416100
ADSW,2018-03-19,22.51000022888184,22.549999237060547,22.06999969482422,22.399999618530277,22.399999618530277,718700
ADSW,2018-03-20,22.40999984741211,22.540000915527344,22.108999252319336,22.270000457763672,22.270000457763672,395700
ADSW,2018-03-21,22.21999931335449,22.51000022888184,22.06999969482422,22.350000381469727,22.350000381469727,281800
ADSW,2018-03-22,22.280000686645508,22.36000061035156,22.0,22.0,22.0,263100
ADSW,2018-03-23,22.07999992370605,22.07999992370605,21.899999618530277,21.940000534057617,21.940000534057617,564100
ADSW,2018-03-26,22.13999938964844,22.190000534057617,21.84000015258789,21.899999618530277,21.899999618530277,470100
ADSW,2018-03-27,21.959999084472656,22.059999465942383,21.75,21.799999237060547,21.799999237060547,237100
ADSW,2018-03-28,21.81999969482422,22.0,21.76000022888184,21.8799991607666,21.8799991607666,242400
ADSW,2018-03-29,22.0,22.395000457763672,21.899999618530277,22.280000686645508,22.280000686645508,468600
ADSW,2018-04-02,22.270000457763672,22.309999465942383,21.899999618530277,22.059999465942383,22.059999465942383,562700
ADSW,2018-04-03,22.07999992370605,22.549999237060547,21.989999771118164,22.479999542236328,22.479999542236328,445200
ADSW,2018-04-04,22.26000022888184,22.559999465942383,22.114999771118164,22.51000022888184,22.51000022888184,352800
ADSW,2018-04-05,22.56999969482422,22.75,22.479999542236328,22.690000534057617,22.690000534057617,275200
ADSW,2018-04-06,22.56999969482422,22.71999931335449,22.229999542236328,22.32999992370605,22.32999992370605,388200
ADSW,2018-04-09,22.40999984741211,22.540000915527344,22.200000762939453,22.270000457763672,22.270000457763672,186600
ADSW,2018-04-10,22.40999984741211,22.56999969482422,22.32999992370605,22.43000030517578,22.43000030517578,163400
ADSW,2018-04-11,22.32999992370605,22.530000686645508,22.190000534057617,22.450000762939453,22.450000762939453,251700
ADSW,2018-04-12,22.5,22.795000076293945,22.40999984741211,22.71999931335449,22.71999931335449,298400
ADSW,2018-04-13,22.71999931335449,22.770000457763672,22.51000022888184,22.700000762939453,22.700000762939453,281500
ADSW,2018-04-16,22.739999771118164,22.86000061035156,22.63999938964844,22.739999771118164,22.739999771118164,406900
ADSW,2018-04-17,22.81999969482422,22.96999931335449,22.739999771118164,22.84000015258789,22.84000015258789,485900
ADSW,2018-04-18,22.809999465942383,22.940000534057617,22.76000022888184,22.809999465942383,22.809999465942383,655600
ADSW,2018-04-19,22.81999969482422,22.90999984741211,22.614999771118164,22.65999984741211,22.65999984741211,153100
ADSW,2018-04-20,22.559999465942383,22.649999618530277,22.395000457763672,22.51000022888184,22.51000022888184,374700
ADSW,2018-04-23,22.51000022888184,22.670000076293945,22.440000534057617,22.530000686645508,22.530000686645508,248900
ADSW,2018-04-24,22.61000061035156,22.82999992370605,22.3799991607666,22.459999084472656,22.459999084472656,230700
ADSW,2018-04-25,22.43000030517578,22.540000915527344,22.229999542236328,22.3799991607666,22.3799991607666,140600
ADSW,2018-04-26,22.51000022888184,22.530000686645508,22.25,22.399999618530277,22.399999618530277,167800
ADSW,2018-04-27,22.36000061035156,22.600000381469727,22.325000762939453,22.5,22.5,206200
ADSW,2018-04-30,22.51000022888184,22.520000457763672,22.040000915527344,22.040000915527344,22.040000915527344,206300
ADSW,2018-05-01,22.030000686645508,22.270000457763672,21.799999237060547,22.270000457763672,22.270000457763672,246000
ADSW,2018-05-02,22.1299991607666,22.39900016784668,22.07999992370605,22.21999931335449,22.21999931335449,215800
ADSW,2018-05-03,22.31999969482422,23.440000534057617,22.31999969482422,22.899999618530277,22.899999618530277,713200
ADSW,2018-05-04,22.90999984741211,23.09000015258789,22.645999908447266,22.8700008392334,22.8700008392334,484200
ADSW,2018-05-07,22.809999465942383,23.274999618530277,22.649999618530277,22.86000061035156,22.86000061035156,550000
ADSW,2018-05-08,22.600000381469727,22.93000030517578,22.59000015258789,22.75,22.75,4236200
ADSW,2018-05-09,22.88999938964844,23.280000686645508,22.68000030517578,23.059999465942383,23.059999465942383,1195300
ADSW,2018-05-10,23.059999465942383,23.100000381469727,22.8799991607666,23.0,23.0,841900
ADSW,2018-05-11,23.100000381469727,23.299999237060547,22.979999542236328,23.040000915527344,23.040000915527344,661400
ADSW,2018-05-14,23.01000022888184,23.440000534057617,22.93099975585937,23.3799991607666,23.3799991607666,1142700
ADSW,2018-05-15,23.350000381469727,23.479999542236328,23.239999771118164,23.239999771118164,23.239999771118164,1949200
ADSW,2018-05-16,23.32999992370605,23.649999618530277,23.25,23.450000762939453,23.450000762939453,819000
ADSW,2018-05-17,23.43000030517578,23.57999992370605,23.290000915527344,23.34000015258789,23.34000015258789,595700
ADSW,2018-05-18,23.43000030517578,23.450000762939453,23.2549991607666,23.309999465942383,23.309999465942383,795400
ADSW,2018-05-21,23.3700008392334,23.729999542236328,23.3700008392334,23.6200008392334,23.6200008392334,280100
ADSW,2018-05-22,23.61000061035156,23.75,23.21999931335449,23.239999771118164,23.239999771118164,326500
ADSW,2018-05-23,23.200000762939453,23.600000381469727,23.125,23.540000915527344,23.540000915527344,746200
ADSW,2018-05-24,23.479999542236328,23.56999969482422,23.38999938964844,23.46999931335449,23.46999931335449,506000
ADSW,2018-05-25,23.6200008392334,23.71999931335449,23.46999931335449,23.59000015258789,23.59000015258789,377300
ADSW,2018-05-29,23.399999618530277,23.700000762939453,23.229999542236328,23.309999465942383,23.309999465942383,319100
ADSW,2018-05-30,23.43000030517578,23.690000534057617,23.399999618530277,23.549999237060547,23.549999237060547,305200
ADSW,2018-05-31,23.600000381469727,23.63999938964844,23.25,23.3799991607666,23.3799991607666,366300
ADSW,2018-06-01,23.520000457763672,23.559999465942383,23.309999465942383,23.43000030517578,23.43000030517578,259800
ADSW,2018-06-04,23.5,23.549999237060547,23.34000015258789,23.38999938964844,23.38999938964844,470800
ADSW,2018-06-05,23.43000030517578,23.520000457763672,23.290000915527344,23.420000076293945,23.420000076293945,302600
ADSW,2018-06-06,23.459999084472656,23.76000022888184,23.36000061035156,23.68000030517578,23.68000030517578,452300
ADSW,2018-06-07,23.65999984741211,23.88999938964844,23.6200008392334,23.75,23.75,486500
ADSW,2018-06-08,23.68000030517578,23.81999969482422,23.670000076293945,23.780000686645508,23.780000686645508,308700
ADSW,2018-06-11,23.770000457763672,23.86000061035156,23.700000762939453,23.809999465942383,23.809999465942383,298900
ADSW,2018-06-12,23.850000381469727,24.0,23.809999465942383,23.989999771118164,23.989999771118164,347200
ADSW,2018-06-13,23.950000762939453,24.149999618530277,23.59000015258789,23.6200008392334,23.6200008392334,685100
ADSW,2018-06-14,23.68000030517578,23.899999618530277,23.58099937438965,23.8700008392334,23.8700008392334,335100
ADSW,2018-06-15,23.770000457763672,24.0,23.71500015258789,23.780000686645508,23.780000686645508,727900
ADSW,2018-06-18,23.82999992370605,24.07999992370605,23.73500061035156,23.989999771118164,23.989999771118164,408000
ADSW,2018-06-19,23.799999237060547,24.13999938964844,23.799999237060547,24.0,24.0,595900
ADSW,2018-06-20,23.989999771118164,24.15999984741211,23.86000061035156,24.07999992370605,24.07999992370605,689200
ADSW,2018-06-21,24.0,24.1200008392334,23.950000762939453,24.07999992370605,24.07999992370605,468400
ADSW,2018-06-22,24.200000762939453,24.549999237060547,24.100000381469727,24.530000686645508,24.530000686645508,2058400
ADSW,2018-06-25,24.5,24.51000022888184,24.350000381469727,24.450000762939453,24.450000762939453,485800
ADSW,2018-06-26,24.46999931335449,24.920000076293945,24.450000762939453,24.920000076293945,24.920000076293945,775600
ADSW,2018-06-27,24.950000762939453,25.3799991607666,24.729999542236328,24.729999542236328,24.729999542236328,675300
ADSW,2018-06-28,24.729999542236328,25.020000457763672,24.58799934387207,24.96999931335449,24.96999931335449,551000
ADSW,2018-06-29,24.989999771118164,25.05500030517578,24.75,24.780000686645508,24.780000686645508,435300
ADSW,2018-07-02,24.649999618530277,24.850000381469727,24.6200008392334,24.850000381469727,24.850000381469727,688500
ADSW,2018-07-03,25.0,25.07999992370605,24.799999237060547,24.81999969482422,24.81999969482422,265400
ADSW,2018-07-05,24.940000534057617,25.0,24.8700008392334,25.0,25.0,321600
ADSW,2018-07-06,24.989999771118164,25.049999237060547,24.8700008392334,24.90999984741211,24.90999984741211,296900
ADSW,2018-07-09,25.0,25.040000915527344,24.8700008392334,24.950000762939453,24.950000762939453,459300
ADSW,2018-07-10,24.93000030517578,25.09000015258789,24.84000015258789,25.0,25.0,545500
ADSW,2018-07-11,24.959999084472656,25.170000076293945,24.81999969482422,25.01000022888184,25.01000022888184,689600
ADSW,2018-07-12,25.11000061035156,25.56999969482422,25.0,25.540000915527344,25.540000915527344,788800
ADSW,2018-07-13,25.56999969482422,25.799999237060547,25.43000030517578,25.43000030517578,25.43000030517578,226500
ADSW,2018-07-16,25.440000534057617,25.450000762939453,24.850000381469727,24.979999542236328,24.979999542236328,309000
ADSW,2018-07-17,25.059999465942383,25.1200008392334,24.76000022888184,24.780000686645508,24.780000686645508,288500
ADSW,2018-07-18,24.76000022888184,24.76000022888184,24.309999465942383,24.36000061035156,24.36000061035156,386800
ADSW,2018-07-19,24.309999465942383,24.51000022888184,24.299999237060547,24.3799991607666,24.3799991607666,296400
ADSW,2018-07-20,24.3799991607666,24.489999771118164,24.31999969482422,24.32999992370605,24.32999992370605,247300
ADSW,2018-07-23,24.229999542236328,24.290000915527344,24.01000022888184,24.1299991607666,24.1299991607666,354900
ADSW,2018-07-24,24.13999938964844,24.209999084472656,23.670000076293945,23.770000457763672,23.770000457763672,605800
ADSW,2018-07-25,23.700000762939453,24.290000915527344,23.700000762939453,24.190000534057617,24.190000534057617,1832800
ADSW,2018-07-26,24.280000686645508,24.780000686645508,24.170000076293945,24.700000762939453,24.700000762939453,1683600
ADSW,2018-07-27,24.76000022888184,24.979999542236328,24.38999938964844,24.540000915527344,24.540000915527344,504600
ADSW,2018-07-30,24.489999771118164,24.57999992370605,24.399999618530277,24.420000076293945,24.420000076293945,678600
ADSW,2018-07-31,24.549999237060547,24.690000534057617,24.32999992370605,24.600000381469727,24.600000381469727,301200
ADSW,2018-08-01,24.6299991607666,24.690000534057617,24.229999542236328,24.479999542236328,24.479999542236328,1142200
ADSW,2018-08-02,24.239999771118164,24.65999984741211,23.76000022888184,24.06999969482422,24.06999969482422,883100
ADSW,2018-08-03,23.96999931335449,24.5,23.88999938964844,24.36000061035156,24.36000061035156,791800
ADSW,2018-08-06,24.420000076293945,24.489999771118164,24.190000534057617,24.25,24.25,528000
ADSW,2018-08-07,24.25,24.43000030517578,23.979999542236328,24.09000015258789,24.09000015258789,267800
ADSW,2018-08-08,24.149999618530277,24.149999618530277,23.899999618530277,24.07999992370605,24.07999992370605,335900
ADSW,2018-08-09,24.15999984741211,24.489999771118164,24.06999969482422,24.399999618530277,24.399999618530277,338300
ADSW,2018-08-10,24.309999465942383,24.63999938964844,24.309999465942383,24.5,24.5,256200
ADSW,2018-08-13,24.549999237060547,24.700000762939453,24.350000381469727,24.420000076293945,24.420000076293945,208000
ADSW,2018-08-14,24.46999931335449,24.799999237060547,24.450000762939453,24.71999931335449,24.71999931335449,292800
ADSW,2018-08-15,24.700000762939453,25.0049991607666,24.670000076293945,24.899999618530277,24.899999618530277,294400
ADSW,2018-08-16,25.0,25.32999992370605,24.843000411987305,25.31999969482422,25.31999969482422,345900
ADSW,2018-08-17,25.26000022888184,25.645000457763672,25.26000022888184,25.40999984741211,25.40999984741211,432300
ADSW,2018-08-20,25.40999984741211,25.56999969482422,25.31999969482422,25.440000534057617,25.440000534057617,472500
ADSW,2018-08-21,25.450000762939453,25.899999618530277,25.450000762939453,25.82999992370605,25.82999992370605,383600
ADSW,2018-08-22,25.81999969482422,25.899999618530277,25.549999237060547,25.649999618530277,25.649999618530277,293900
ADSW,2018-08-23,25.670000076293945,25.8700008392334,25.559999465942383,25.799999237060547,25.799999237060547,291100
ADSW,2018-08-24,25.86000061035156,26.049999237060547,25.84000015258789,25.93000030517578,25.93000030517578,224800
ADSW,2018-08-27,26.0,26.149999618530277,25.88999938964844,26.040000915527344,26.040000915527344,348800
ADSW,2018-08-28,26.100000381469727,26.239999771118164,26.020000457763672,26.21999931335449,26.21999931335449,296900
ADSW,2018-08-29,26.25,26.479999542236328,26.11000061035156,26.36000061035156,26.36000061035156,546400
ADSW,2018-08-30,26.36000061035156,26.780000686645508,26.229999542236328,26.690000534057617,26.690000534057617,296300
ADSW,2018-08-31,26.670000076293945,26.770000457763672,26.5,26.68000030517578,26.68000030517578,271900
ADSW,2018-09-04,26.68000030517578,27.170000076293945,26.6200008392334,27.1299991607666,27.1299991607666,557500
ADSW,2018-09-05,27.100000381469727,27.43000030517578,27.0,27.399999618530277,27.399999618530277,305200
ADSW,2018-09-06,27.559999465942383,27.790000915527344,27.48500061035156,27.649999618530277,27.649999618530277,760600
ADSW,2018-09-07,27.649999618530277,27.799999237060547,27.559999465942383,27.700000762939453,27.700000762939453,377000
ADSW,2018-09-10,27.770000457763672,27.93000030517578,27.65999984741211,27.76000022888184,27.76000022888184,359400
ADSW,2018-09-11,27.68000030517578,27.709999084472656,26.959999084472656,26.979999542236328,26.979999542236328,573200
ADSW,2018-09-12,26.93000030517578,27.13500022888184,26.709999084472656,26.979999542236328,26.979999542236328,577900
ADSW,2018-09-13,27.01000022888184,27.21999931335449,26.96999931335449,27.09000015258789,27.09000015258789,316000
ADSW,2018-09-14,27.059999465942383,27.309999465942383,26.899999618530277,27.25,27.25,243800
ADSW,2018-09-17,27.40999984741211,27.450000762939453,26.989999771118164,27.09000015258789,27.09000015258789,416800
ADSW,2018-09-18,27.1200008392334,27.739999771118164,27.030000686645508,27.559999465942383,27.559999465942383,370900
ADSW,2018-09-19,27.46999931335449,27.59000015258789,27.13999938964844,27.3799991607666,27.3799991607666,292500
ADSW,2018-09-20,27.51000022888184,27.61000061035156,27.350000381469727,27.59000015258789,27.59000015258789,252500
ADSW,2018-09-21,27.57999992370605,27.739999771118164,27.34000015258789,27.34000015258789,27.34000015258789,1751600
ADSW,2018-09-24,27.34000015258789,27.43000030517578,27.149999618530277,27.209999084472656,27.209999084472656,290700
ADSW,2018-09-25,27.299999237060547,27.34000015258789,27.07999992370605,27.270000457763672,27.270000457763672,313000
ADSW,2018-09-26,27.270000457763672,27.440000534057617,26.96999931335449,26.979999542236328,26.979999542236328,300800
ADSW,2018-09-27,27.049999237060547,27.11000061035156,26.975000381469727,27.01000022888184,27.01000022888184,161700
ADSW,2018-09-28,26.979999542236328,27.209999084472656,26.892000198364254,27.07999992370605,27.07999992370605,242900
ADSW,2018-10-01,27.21999931335449,27.32999992370605,26.6299991607666,26.700000762939453,26.700000762939453,388600
ADSW,2018-10-02,26.770000457763672,26.82999992370605,26.479999542236328,26.61000061035156,26.61000061035156,319000
ADSW,2018-10-03,26.709999084472656,26.809999465942383,26.21999931335449,26.239999771118164,26.239999771118164,190100
ADSW,2018-10-04,26.1200008392334,26.280000686645508,25.65999984741211,25.82999992370605,25.82999992370605,274100
ADSW,2018-10-05,25.899999618530277,26.09000015258789,25.790000915527344,25.959999084472656,25.959999084472656,265600
ADSW,2018-10-08,26.0,26.36000061035156,25.959999084472656,26.299999237060547,26.299999237060547,256300
ADSW,2018-10-09,26.209999084472656,26.459999084472656,26.11000061035156,26.32999992370605,26.32999992370605,235000
ADSW,2018-10-10,26.290000915527344,26.51499938964844,26.174999237060547,26.420000076293945,26.420000076293945,458900
ADSW,2018-10-11,26.34000015258789,26.459999084472656,25.770000457763672,25.790000915527344,25.790000915527344,576300
ADSW,2018-10-12,26.07999992370605,26.07999992370605,25.31999969482422,25.670000076293945,25.670000076293945,408400
ADSW,2018-10-15,25.61000061035156,26.07999992370605,25.520000457763672,25.989999771118164,25.989999771118164,427600
ADSW,2018-10-16,26.1200008392334,26.825000762939453,26.0,26.790000915527344,26.790000915527344,389300
ADSW,2018-10-17,26.700000762939453,26.790000915527344,26.530000686645508,26.649999618530277,26.649999618530277,420700
ADSW,2018-10-18,26.63999938964844,27.020000457763672,26.549999237060547,26.84000015258789,26.84000015258789,331500
ADSW,2018-10-19,26.799999237060547,27.239999771118164,26.59000015258789,26.76000022888184,26.76000022888184,497800
ADSW,2018-10-22,26.93000030517578,27.1299991607666,26.649999618530277,26.71999931335449,26.71999931335449,284300
ADSW,2018-10-23,26.46999931335449,26.540000915527344,25.93000030517578,26.299999237060547,26.299999237060547,286300
ADSW,2018-10-24,25.790000915527344,26.3700008392334,25.21999931335449,25.950000762939453,25.950000762939453,529700
ADSW,2018-10-25,26.190000534057617,26.190000534057617,25.5,25.540000915527344,25.540000915527344,603800
ADSW,2018-10-26,25.290000915527344,25.82999992370605,25.18000030517578,25.739999771118164,25.739999771118164,454000
ADSW,2018-10-29,25.920000076293945,26.479999542236328,25.920000076293945,26.229999542236328,26.229999542236328,755600
ADSW,2018-10-30,26.270000457763672,26.899999618530277,26.2549991607666,26.809999465942383,26.809999465942383,535500
ADSW,2018-10-31,26.979999542236328,27.290000915527344,26.850000381469727,27.09000015258789,27.09000015258789,715500
ADSW,2018-11-01,26.5,27.46999931335449,24.65999984741211,24.71999931335449,24.71999931335449,1189600
ADSW,2018-11-02,24.649999618530277,25.75,24.315000534057617,25.290000915527344,25.290000915527344,680800
ADSW,2018-11-05,25.270000457763672,25.5,24.9950008392334,25.200000762939453,25.200000762939453,394600
ADSW,2018-11-06,25.40999984741211,25.75,25.229999542236328,25.700000762939453,25.700000762939453,435000
ADSW,2018-11-07,25.75,26.299999237060547,25.75,26.25,26.25,376200
ADSW,2018-11-08,26.43000030517578,26.88999938964844,26.31999969482422,26.729999542236328,26.729999542236328,363900
ADSW,2018-11-09,26.65999984741211,26.84000015258789,26.530000686645508,26.68000030517578,26.68000030517578,620300
ADSW,2018-11-12,26.700000762939453,27.40999984741211,26.700000762939453,26.88999938964844,26.88999938964844,310100
ADSW,2018-11-13,26.959999084472656,26.979999542236328,26.290000915527344,26.309999465942383,26.309999465942383,242400
ADSW,2018-11-14,26.309999465942383,26.65999984741211,26.020000457763672,26.09000015258789,26.09000015258789,388100
ADSW,2018-11-15,26.040000915527344,26.229999542236328,25.68000030517578,25.899999618530277,25.899999618530277,484400
ADSW,2018-11-16,25.84000015258789,26.600000381469727,25.799999237060547,26.549999237060547,26.549999237060547,1029500
ADSW,2018-11-19,26.600000381469727,27.31999969482422,26.450000762939453,26.989999771118164,26.989999771118164,508000
ADSW,2018-11-20,26.84000015258789,27.07999992370605,26.38999938964844,26.420000076293945,26.420000076293945,541600
ADSW,2018-11-21,26.46999931335449,26.96999931335449,26.399999618530277,26.8799991607666,26.8799991607666,270900
ADSW,2018-11-23,26.770000457763672,27.100000381469727,26.709999084472656,26.920000076293945,26.920000076293945,75900
ADSW,2018-11-26,27.020000457763672,27.18000030517578,26.649999618530277,26.979999542236328,26.979999542236328,753400
ADSW,2018-11-27,26.920000076293945,27.059999465942383,26.489999771118164,26.5,26.5,256100
ADSW,2018-11-28,26.56999969482422,26.84000015258789,26.364999771118164,26.690000534057617,26.690000534057617,781100
ADSW,2018-11-29,26.65999984741211,26.959999084472656,26.5,26.649999618530277,26.649999618530277,331300
ADSW,2018-11-30,26.6200008392334,27.09000015258789,26.6200008392334,26.950000762939453,26.950000762939453,425300
ADSW,2018-12-03,27.06999969482422,27.06999969482422,26.170000076293945,26.770000457763672,26.770000457763672,516500
ADSW,2018-12-04,26.82999992370605,27.07999992370605,26.450000762939453,26.46999931335449,26.46999931335449,671400
ADSW,2018-12-06,26.190000534057617,26.31999969482422,25.600000381469727,26.31999969482422,26.31999969482422,385000
ADSW,2018-12-07,26.239999771118164,26.309999465942383,25.690000534057617,26.01000022888184,26.01000022888184,422200
ADSW,2018-12-10,26.0,26.100000381469727,25.364999771118164,25.59000015258789,25.59000015258789,710900
ADSW,2018-12-11,25.82999992370605,26.1299991607666,25.76000022888184,25.790000915527344,25.790000915527344,285600
ADSW,2018-12-12,26.0,26.299999237060547,25.84000015258789,25.86000061035156,25.86000061035156,213000
ADSW,2018-12-13,25.88999938964844,26.049999237060547,25.55500030517578,25.93000030517578,25.93000030517578,437800
ADSW,2018-12-14,25.809999465942383,26.1299991607666,25.530000686645508,25.649999618530277,25.649999618530277,397200
ADSW,2018-12-17,25.71999931335449,25.71999931335449,24.59000015258789,24.739999771118164,24.739999771118164,438600
ADSW,2018-12-18,24.90999984741211,25.040000915527344,24.3799991607666,24.43000030517578,24.43000030517578,294800
ADSW,2018-12-19,24.440000534057617,24.895000457763672,24.09000015258789,24.280000686645508,24.280000686645508,603800
ADSW,2018-12-20,24.299999237060547,24.309999465942383,23.3799991607666,23.43000030517578,23.43000030517578,430000
ADSW,2018-12-21,23.51000022888184,23.700000762939453,22.959999084472656,23.07999992370605,23.07999992370605,1070200
ADSW,2018-12-24,23.059999465942383,23.059999465942383,22.25,22.290000915527344,22.290000915527344,173200
ADSW,2018-12-26,22.399999618530277,23.0,22.049999237060547,22.940000534057617,22.940000534057617,394700
ADSW,2018-12-27,22.71999931335449,22.96999931335449,22.25,22.93000030517578,22.93000030517578,546200
ADSW,2018-12-28,22.979999542236328,23.600000381469727,22.979999542236328,23.450000762939453,23.450000762939453,491900
ADSW,2018-12-31,23.56999969482422,23.950000762939453,23.459999084472656,23.940000534057617,23.940000534057617,280800
ADSW,2019-01-02,23.684999465942383,23.684999465942383,23.07999992370605,23.280000686645508,23.280000686645508,378100
ADSW,2019-01-03,23.200000762939453,23.46999931335449,23.020000457763672,23.290000915527344,23.290000915527344,404200
ADSW,2019-01-04,23.5,24.09000015258789,23.5,23.780000686645508,23.780000686645508,619100
ADSW,2019-01-07,23.770000457763672,24.229999542236328,23.76499938964844,24.149999618530277,24.149999618530277,409900
ADSW,2019-01-08,24.170000076293945,24.59000015258789,23.95499992370605,24.479999542236328,24.479999542236328,354800
ADSW,2019-01-09,24.479999542236328,24.530000686645508,24.0,24.239999771118164,24.239999771118164,361200
ADSW,2019-01-10,24.149999618530277,24.809999465942383,24.149999618530277,24.63999938964844,24.63999938964844,237400
ADSW,2019-01-11,24.459999084472656,24.700000762939453,24.3799991607666,24.61000061035156,24.61000061035156,297700
ADSW,2019-01-14,24.520000457763672,24.559999465942383,24.239999771118164,24.34000015258789,24.34000015258789,157400
ADSW,2019-01-15,24.32999992370605,24.90999984741211,24.32999992370605,24.690000534057617,24.690000534057617,388800
ADSW,2019-01-16,24.770000457763672,25.09000015258789,24.709999084472656,24.940000534057617,24.940000534057617,251800
ADSW,2019-01-17,24.809999465942383,25.25,24.809999465942383,25.030000686645508,25.030000686645508,405700
ADSW,2019-01-18,25.07999992370605,25.209999084472656,24.809999465942383,24.940000534057617,24.940000534057617,372000
ADSW,2019-01-22,24.799999237060547,25.0,24.36000061035156,24.549999237060547,24.549999237060547,425100
ADSW,2019-01-23,24.57999992370605,24.700000762939453,24.18000030517578,24.350000381469727,24.350000381469727,257000
ADSW,2019-01-24,24.34000015258789,24.57999992370605,24.26000022888184,24.299999237060547,24.299999237060547,542600
ADSW,2019-01-25,24.459999084472656,25.11000061035156,24.459999084472656,24.8799991607666,24.8799991607666,296300
ADSW,2019-01-28,24.63999938964844,24.780000686645508,24.280000686645508,24.57999992370605,24.57999992370605,233900
ADSW,2019-01-29,24.709999084472656,24.86000061035156,24.56999969482422,24.709999084472656,24.709999084472656,321400
ADSW,2019-01-30,24.82999992370605,25.059999465942383,24.61000061035156,24.989999771118164,24.989999771118164,198600
ADSW,2019-01-31,24.979999542236328,25.299999237060547,24.82999992370605,25.200000762939453,25.200000762939453,425300
ADSW,2019-02-01,25.25,25.34000015258789,25.07999992370605,25.25,25.25,140500
ADSW,2019-02-04,25.239999771118164,25.790000915527344,25.170000076293945,25.75,25.75,420400
ADSW,2019-02-05,25.81999969482422,26.280000686645508,25.56999969482422,26.01000022888184,26.01000022888184,405900
ADSW,2019-02-06,26.11000061035156,26.11000061035156,25.81999969482422,25.950000762939453,25.950000762939453,374100
ADSW,2019-02-07,25.799999237060547,26.100000381469727,25.690000534057617,25.920000076293945,25.920000076293945,210100
ADSW,2019-02-08,25.979999542236328,26.01000022888184,25.700000762939453,25.8799991607666,25.8799991607666,330400
ADSW,2019-02-11,25.940000534057617,26.270000457763672,25.88999938964844,26.239999771118164,26.239999771118164,298900
ADSW,2019-02-12,26.3700008392334,26.809999465942383,26.20499992370605,26.770000457763672,26.770000457763672,448800
ADSW,2019-02-13,26.8700008392334,26.96999931335449,26.68000030517578,26.790000915527344,26.790000915527344,517100
ADSW,2019-02-14,26.76000022888184,27.149999618530277,26.63999938964844,26.68000030517578,26.68000030517578,500100
ADSW,2019-02-15,26.65999984741211,27.34000015258789,26.6299991607666,27.32999992370605,27.32999992370605,673600
ADSW,2019-02-19,26.61000061035156,27.190000534057617,26.479999542236328,27.0,27.0,416300
ADSW,2019-02-20,26.940000534057617,27.600000381469727,26.864999771118164,27.56999969482422,27.56999969482422,611200
ADSW,2019-02-21,27.420000076293945,27.81999969482422,27.350000381469727,27.61000061035156,27.61000061035156,550200
ADSW,2019-02-22,28.0,28.0,26.59000015258789,27.0,27.0,681400
ADSW,2019-02-25,26.739999771118164,26.959999084472656,26.51000022888184,26.690000534057617,26.690000534057617,673000
ADSW,2019-02-26,26.71999931335449,26.75,26.46999931335449,26.59000015258789,26.59000015258789,673200
ADSW,2019-02-27,26.520000457763672,26.875,26.440000534057617,26.700000762939453,26.700000762939453,360700
ADSW,2019-02-28,26.649999618530277,26.895000457763672,26.5,26.520000457763672,26.520000457763672,355000
ADSW,2019-03-01,26.6200008392334,26.71999931335449,26.40999984741211,26.690000534057617,26.690000534057617,408200
ADSW,2019-03-04,26.76000022888184,26.76000022888184,26.46999931335449,26.65999984741211,26.65999984741211,314700
ADSW,2019-03-05,26.63999938964844,26.76000022888184,26.489999771118164,26.5,26.5,310800
ADSW,2019-03-06,26.479999542236328,26.71999931335449,26.299999237060547,26.38999938964844,26.38999938964844,378900
ADSW,2019-03-07,26.309999465942383,26.540000915527344,26.13999938964844,26.43000030517578,26.43000030517578,247000
ADSW,2019-03-08,26.32999992370605,26.5,26.13999938964844,26.350000381469727,26.350000381469727,226500
ADSW,2019-03-11,26.34000015258789,26.780000686645508,26.149999618530277,26.76000022888184,26.76000022888184,325700
ADSW,2019-03-12,26.729999542236328,26.90999984741211,26.459999084472656,26.8799991607666,26.8799991607666,178900
ADSW,2019-03-13,26.959999084472656,27.040000915527344,26.770000457763672,26.86000061035156,26.86000061035156,217700
ADSW,2019-03-14,26.899999618530277,27.059999465942383,26.799999237060547,26.8799991607666,26.8799991607666,185700
ADSW,2019-03-15,26.950000762939453,27.020000457763672,26.700000762939453,26.90999984741211,26.90999984741211,638500
ADSW,2019-03-18,26.96999931335449,27.200000762939453,26.825000762939453,27.15999984741211,27.15999984741211,189800
ADSW,2019-03-19,27.18000030517578,27.31999969482422,26.959999084472656,27.200000762939453,27.200000762939453,271400
ADSW,2019-03-20,27.190000534057617,27.399999618530277,26.96999931335449,27.07999992370605,27.07999992370605,283000
ADSW,2019-03-21,26.989999771118164,27.57999992370605,26.98500061035156,27.459999084472656,27.459999084472656,155900
ADSW,2019-03-22,27.31999969482422,27.420000076293945,27.07999992370605,27.15999984741211,27.15999984741211,272600
ADSW,2019-03-25,27.18000030517578,27.63999938964844,27.01000022888184,27.459999084472656,27.459999084472656,218600
ADSW,2019-03-26,27.57999992370605,28.020000457763672,27.45499992370605,28.0,28.0,232800
ADSW,2019-03-27,27.989999771118164,28.350000381469727,27.59000015258789,27.600000381469727,27.600000381469727,263500
ADSW,2019-03-28,27.690000534057617,28.030000686645508,27.559999465942383,28.020000457763672,28.020000457763672,208400
ADSW,2019-03-29,28.200000762939453,28.200000762939453,27.88999938964844,28.0,28.0,413500
ADSW,2019-04-01,28.200000762939453,28.21999931335449,27.549999237060547,27.709999084472656,27.709999084472656,358200
ADSW,2019-04-02,27.739999771118164,27.81999969482422,27.459999084472656,27.59000015258789,27.59000015258789,223700
ADSW,2019-04-03,27.75,27.850000381469727,27.61000061035156,27.670000076293945,27.670000076293945,200600
ADSW,2019-04-04,27.86000061035156,27.86000061035156,27.31999969482422,27.5,27.5,307700
ADSW,2019-04-05,27.61000061035156,27.8700008392334,27.5,27.799999237060547,27.799999237060547,463800
ADSW,2019-04-08,27.65999984741211,27.798999786376957,27.43000030517578,27.770000457763672,27.770000457763672,191900
ADSW,2019-04-09,27.65999984741211,27.850000381469727,27.489999771118164,27.57999992370605,27.57999992370605,258200
ADSW,2019-04-10,27.56999969482422,27.93000030517578,27.530000686645508,27.700000762939453,27.700000762939453,193700
ADSW,2019-04-11,26.540000915527344,26.959999084472656,25.875,26.82999992370605,26.82999992370605,435300
ADSW,2019-04-12,26.8799991607666,27.15999984741211,26.68000030517578,27.13999938964844,27.13999938964844,226700
ADSW,2019-04-15,32.27000045776367,32.9900016784668,31.959999084472656,31.989999771118164,31.989999771118164,17219300
ADSW,2019-04-16,32.2400016784668,32.45000076293945,32.15999984741211,32.41999816894531,32.41999816894531,9644500
ADSW,2019-04-17,32.349998474121094,32.70000076293945,32.33000183105469,32.70000076293945,32.70000076293945,2694700
ADSW,2019-04-18,32.66999816894531,33.0099983215332,32.5,32.83000183105469,32.83000183105469,1427400
ADSW,2019-04-22,32.790000915527344,32.81999969482422,32.40999984741211,32.72999954223633,32.72999954223633,714000
ADSW,2019-04-23,32.58000183105469,32.70000076293945,32.33000183105469,32.47999954223633,32.47999954223633,1452700
ADSW,2019-04-24,32.459999084472656,32.56999969482422,32.310001373291016,32.310001373291016,32.310001373291016,2097900
ADSW,2019-04-25,32.349998474121094,32.400001525878906,32.20000076293945,32.20000076293945,32.20000076293945,4201900
ADSW,2019-04-26,32.290000915527344,32.439998626708984,32.14500045776367,32.380001068115234,32.380001068115234,855500
ADSW,2019-04-29,32.380001068115234,32.400001525878906,32.20000076293945,32.25,32.25,1240700
ADSW,2019-04-30,32.290000915527344,32.380001068115234,32.27299880981445,32.34000015258789,32.34000015258789,2824000
ADSW,2019-05-01,32.34000015258789,32.349998474121094,32.22999954223633,32.29999923706055,32.29999923706055,1519300
ADSW,2019-05-02,32.16999816894531,32.349998474121094,32.130001068115234,32.290000915527344,32.290000915527344,2220400
ADSW,2019-05-03,32.310001373291016,32.599998474121094,32.2599983215332,32.54999923706055,32.54999923706055,2539000
ADSW,2019-05-06,32.43000030517578,32.45000076293945,32.29999923706055,32.349998474121094,32.349998474121094,1546900
ADSW,2019-05-07,32.31999969482422,32.349998474121094,32.2599983215332,32.29999923706055,32.29999923706055,1717300
ADSW,2019-05-08,32.31999969482422,32.349998474121094,32.2599983215332,32.310001373291016,32.310001373291016,1759700
ADSW,2019-05-09,32.279998779296875,32.349998474121094,32.27000045776367,32.33000183105469,32.33000183105469,2082900
ADSW,2019-05-10,32.31999969482422,32.38999938964844,32.29999923706055,32.369998931884766,32.369998931884766,951200
ADSW,2019-05-13,32.310001373291016,32.349998474121094,32.099998474121094,32.11000061035156,32.11000061035156,1704400
ADSW,2019-05-14,32.150001525878906,32.18000030517578,32.11000061035156,32.119998931884766,32.119998931884766,990900
ADSW,2019-05-15,32.20000076293945,32.220001220703125,32.099998474121094,32.150001525878906,32.150001525878906,673000
ADSW,2019-05-16,32.150001525878906,32.220001220703125,32.099998474121094,32.11000061035156,32.11000061035156,1081500
ADSW,2019-05-17,32.060001373291016,32.16999816894531,32.04999923706055,32.130001068115234,32.130001068115234,749600
ADSW,2019-05-20,32.099998474121094,32.15999984741211,32.08000183105469,32.119998931884766,32.119998931884766,378200
ADSW,2019-05-21,32.15999984741211,32.189998626708984,32.099998474121094,32.189998626708984,32.189998626708984,932500
ADSW,2019-05-22,32.130001068115234,32.17499923706055,32.11000061035156,32.13999938964844,32.13999938964844,513300
ADSW,2019-05-23,32.099998474121094,32.20000076293945,32.099998474121094,32.18000030517578,32.18000030517578,790600
ADSW,2019-05-24,32.20000076293945,32.31999969482422,32.099998474121094,32.18000030517578,32.18000030517578,529600
ADSW,2019-05-28,32.18000030517578,32.22999954223633,32.08000183105469,32.150001525878906,32.150001525878906,634600
ADSW,2019-05-29,32.11000061035156,32.15999984741211,31.989999771118164,32.15999984741211,32.15999984741211,1330100
ADSW,2019-05-30,32.150001525878906,32.20000076293945,32.0099983215332,32.040000915527344,32.040000915527344,1163500
ADSW,2019-05-31,31.979999542236328,32.16999816894531,31.96500015258789,32.13999938964844,32.13999938964844,2414000
ADSW,2019-06-03,32.13999938964844,32.22999954223633,32.04999923706055,32.189998626708984,32.189998626708984,669100
ADSW,2019-06-04,32.25,32.25,32.08000183105469,32.099998474121094,32.099998474121094,489000
ADSW,2019-06-05,32.11000061035156,32.150001525878906,32.06999969482422,32.09000015258789,32.09000015258789,839900
ADSW,2019-06-06,32.099998474121094,32.099998474121094,32.0099983215332,32.04999923706055,32.04999923706055,685600
ADSW,2019-06-07,32.099998474121094,32.108001708984375,32.029998779296875,32.04999923706055,32.04999923706055,481300
ADSW,2019-06-10,32.08000183105469,32.13999938964844,32.0099983215332,32.130001068115234,32.130001068115234,1074500
ADSW,2019-06-11,32.18000030517578,32.18000030517578,32.060001373291016,32.119998931884766,32.119998931884766,329500
ADSW,2019-06-12,32.099998474121094,32.150001525878906,32.06999969482422,32.08000183105469,32.08000183105469,313600
ADSW,2019-06-13,32.08000183105469,32.13999938964844,32.06999969482422,32.099998474121094,32.099998474121094,696900
ADSW,2019-06-14,32.11000061035156,32.119998931884766,32.06999969482422,32.09000015258789,32.09000015258789,475500
ADSW,2019-06-17,32.09000015258789,32.130001068115234,32.04999923706055,32.06999969482422,32.06999969482422,724000
ADSW,2019-06-18,32.08000183105469,32.119998931884766,32.04999923706055,32.08000183105469,32.08000183105469,1800300
ADSW,2019-06-19,32.08000183105469,32.11000061035156,32.064998626708984,32.09000015258789,32.09000015258789,593300
ADSW,2019-06-20,32.099998474121094,32.099998474121094,32.064998626708984,32.09000015258789,32.09000015258789,638900
ADSW,2019-06-21,32.060001373291016,32.165000915527344,32.04999923706055,32.11000061035156,32.11000061035156,2486000
ADSW,2019-06-24,32.08000183105469,32.119998931884766,32.06999969482422,32.08000183105469,32.08000183105469,733600
ADSW,2019-06-25,32.09000015258789,32.130001068115234,32.06999969482422,32.06999969482422,32.06999969482422,633800
ADSW,2019-06-26,32.09000015258789,32.119998931884766,32.060001373291016,32.099998474121094,32.099998474121094,489700
ADSW,2019-06-27,32.099998474121094,32.119998931884766,32.08000183105469,32.099998474121094,32.099998474121094,571500
ADSW,2019-06-28,32.099998474121094,32.130001068115234,31.84000015258789,31.90999984741211,31.90999984741211,1914400
ADSW,2019-07-01,32.0,32.099998474121094,31.96999931335449,32.09000015258789,32.09000015258789,879500
ADSW,2019-07-02,32.09000015258789,32.2400016784668,32.06999969482422,32.15999984741211,32.15999984741211,994800
ADSW,2019-07-03,32.189998626708984,32.400001525878906,32.13999938964844,32.25,32.25,339400
ADSW,2019-07-05,32.25,32.380001068115234,32.099998474121094,32.16999816894531,32.16999816894531,362000
ADSW,2019-07-08,32.13999938964844,32.2400016784668,32.13999938964844,32.2400016784668,32.2400016784668,359400
ADSW,2019-07-09,32.189998626708984,32.33000183105469,32.189998626708984,32.33000183105469,32.33000183105469,534100
ADSW,2019-07-10,32.349998474121094,32.36000061035156,32.25,32.34000015258789,32.34000015258789,1308300
ADSW,2019-07-11,32.38999938964844,32.42499923706055,32.29499816894531,32.349998474121094,32.349998474121094,359800
ADSW,2019-07-12,32.38999938964844,32.40999984741211,32.34000015258789,32.369998931884766,32.369998931884766,510800
ADSW,2019-07-15,32.369998931884766,32.400001525878906,32.310001373291016,32.36000061035156,32.36000061035156,653600
ADSW,2019-07-16,32.38999938964844,32.38999938964844,32.290000915527344,32.33000183105469,32.33000183105469,686600
ADSW,2019-07-17,32.31999969482422,32.36000061035156,32.2599983215332,32.31999969482422,32.31999969482422,460000
ADSW,2019-07-18,32.33000183105469,32.369998931884766,32.209999084472656,32.34000015258789,32.34000015258789,746200
ADSW,2019-07-19,32.29999923706055,32.38999938964844,32.28499984741211,32.34000015258789,32.34000015258789,760600
ADSW,2019-07-22,32.34000015258789,32.36000061035156,32.279998779296875,32.31999969482422,32.31999969482422,335900
ADSW,2019-07-23,32.34000015258789,32.35499954223633,32.310001373291016,32.349998474121094,32.349998474121094,419000
ADSW,2019-07-24,32.33000183105469,32.380001068115234,32.279998779296875,32.310001373291016,32.310001373291016,1940800
ADSW,2019-07-25,32.310001373291016,32.45000076293945,32.310001373291016,32.45000076293945,32.45000076293945,1141000
ADSW,2019-07-26,32.45000076293945,32.66999816894531,32.349998474121094,32.400001525878906,32.400001525878906,1150200
ADSW,2019-07-29,32.41999816894531,32.529998779296875,32.40999984741211,32.47999954223633,32.47999954223633,509400
ADSW,2019-07-30,32.439998626708984,32.54999923706055,32.38999938964844,32.540000915527344,32.540000915527344,906000
ADSW,2019-07-31,32.45000076293945,32.529998779296875,32.34000015258789,32.369998931884766,32.369998931884766,1061600
ADSW,2019-08-01,32.380001068115234,32.470001220703125,32.369998931884766,32.43000030517578,32.43000030517578,1160200
ADSW,2019-08-02,32.40999984741211,32.470001220703125,32.36000061035156,32.45000076293945,32.45000076293945,492300
ADSW,2019-08-05,32.400001525878906,32.470001220703125,32.35499954223633,32.40999984741211,32.40999984741211,1088000
ADSW,2019-08-06,32.400001525878906,32.470001220703125,32.380001068115234,32.45000076293945,32.45000076293945,612600
ADSW,2019-08-07,32.40999984741211,32.505001068115234,32.400001525878906,32.459999084472656,32.459999084472656,799100
ADSW,2019-08-08,32.4900016784668,32.5099983215332,32.45000076293945,32.470001220703125,32.470001220703125,498000
ADSW,2019-08-09,32.470001220703125,32.5,32.43000030517578,32.47999954223633,32.47999954223633,553800
ADSW,2019-08-12,32.459999084472656,32.47999954223633,32.40999984741211,32.41999816894531,32.41999816894531,466600
ADSW,2019-08-13,32.41999816894531,32.5,32.41999816894531,32.4900016784668,32.4900016784668,345900
ADSW,2019-08-14,32.45000076293945,32.5,32.40999984741211,32.40999984741211,32.40999984741211,441800
ADSW,2019-08-15,32.439998626708984,32.4900016784668,32.41999816894531,32.4900016784668,32.4900016784668,306000
ADSW,2019-08-16,32.4900016784668,32.505001068115234,32.470001220703125,32.5,32.5,251500
ADSW,2019-08-19,32.5,32.5,32.43000030517578,32.45000076293945,32.45000076293945,271100
ADSW,2019-08-20,32.459999084472656,32.4900016784668,32.439998626708984,32.470001220703125,32.470001220703125,790200
ADSW,2019-08-21,32.470001220703125,32.5,32.45000076293945,32.5,32.5,441900
ADSW,2019-08-22,32.5,32.79999923706055,32.45000076293945,32.47999954223633,32.47999954223633,817800
ADSW,2019-08-23,32.459999084472656,32.470001220703125,32.45000076293945,32.459999084472656,32.459999084472656,961600
ADSW,2019-08-26,32.47999954223633,32.52000045776367,32.459999084472656,32.4900016784668,32.4900016784668,887100
ADSW,2019-08-27,32.5,32.52000045776367,32.459999084472656,32.4900016784668,32.4900016784668,719000
ADSW,2019-08-28,32.5,32.5,32.470001220703125,32.4900016784668,32.4900016784668,279500
ADSW,2019-08-29,32.5,32.56999969482422,32.470001220703125,32.5,32.5,600600
ADSW,2019-08-30,32.5,32.5099983215332,32.369998931884766,32.41999816894531,32.41999816894531,1033200
ADSW,2019-09-03,32.41999816894531,32.58000183105469,32.41999816894531,32.5099983215332,32.5099983215332,1019700
ADSW,2019-09-04,32.5,32.54999923706055,32.47999954223633,32.529998779296875,32.529998779296875,958300
ADSW,2019-09-05,32.54999923706055,32.54999923706055,32.4900016784668,32.5099983215332,32.5099983215332,991200
ADSW,2019-09-06,32.52000045776367,32.540000915527344,32.5,32.5,32.5,1125800
ADSW,2019-09-09,32.529998779296875,32.529998779296875,32.470001220703125,32.5,32.5,366500
ADSW,2019-09-10,32.5,32.540000915527344,32.459999084472656,32.5099983215332,32.5099983215332,440600
ADSW,2019-09-11,32.52000045776367,32.54999923706055,32.5,32.5099983215332,32.5099983215332,669900
ADSW,2019-09-12,32.529998779296875,32.540000915527344,32.5099983215332,32.529998779296875,32.529998779296875,464200
ADSW,2019-09-13,32.529998779296875,32.54999923706055,32.5099983215332,32.540000915527344,32.540000915527344,1502500
ADSW,2019-09-16,32.540000915527344,32.540000915527344,32.5099983215332,32.529998779296875,32.529998779296875,407200
ADSW,2019-09-17,32.52000045776367,32.54999923706055,32.52000045776367,32.540000915527344,32.540000915527344,292700
ADSW,2019-09-18,32.54999923706055,32.54999923706055,32.52000045776367,32.540000915527344,32.540000915527344,530600
ADSW,2019-09-19,32.54999923706055,32.58000183105469,32.529998779296875,32.56999969482422,32.56999969482422,709000
ADSW,2019-09-20,32.58000183105469,32.599998474121094,32.560001373291016,32.560001373291016,32.560001373291016,752500
ADSW,2019-09-23,32.560001373291016,32.59000015258789,32.540000915527344,32.56999969482422,32.56999969482422,494300
ADSW,2019-09-24,32.560001373291016,32.57500076293945,32.54999923706055,32.560001373291016,32.560001373291016,391600
ADSW,2019-09-25,32.560001373291016,32.56999969482422,32.52000045776367,32.54999923706055,32.54999923706055,757900
ADSW,2019-09-26,32.54999923706055,32.58000183105469,32.540000915527344,32.56999969482422,32.56999969482422,709500
ADSW,2019-09-27,32.56999969482422,32.59000015258789,32.54999923706055,32.56999969482422,32.56999969482422,514500
ADSW,2019-09-30,32.56999969482422,32.599998474121094,32.564998626708984,32.56999969482422,32.56999969482422,749200
ADSW,2019-10-01,32.59000015258789,32.619998931884766,32.58000183105469,32.61000061035156,32.61000061035156,1093200
ADSW,2019-10-02,32.599998474121094,32.63999938964844,32.59000015258789,32.619998931884766,32.619998931884766,629100
ADSW,2019-10-03,32.61000061035156,32.650001525878906,32.59000015258789,32.619998931884766,32.619998931884766,687700
ADSW,2019-10-04,32.61000061035156,32.63999938964844,32.599998474121094,32.630001068115234,32.630001068115234,470300
ADSW,2019-10-07,32.63999938964844,32.70000076293945,32.599998474121094,32.61000061035156,32.61000061035156,1003500
ADSW,2019-10-08,32.619998931884766,32.650001525878906,32.619998931884766,32.630001068115234,32.630001068115234,470100
ADSW,2019-10-09,32.63999938964844,32.63999938964844,32.599998474121094,32.61000061035156,32.61000061035156,235900
ADSW,2019-10-10,32.619998931884766,32.630001068115234,32.599998474121094,32.61000061035156,32.61000061035156,1670300
ADSW,2019-10-11,32.619998931884766,32.65999984741211,32.599998474121094,32.61000061035156,32.61000061035156,490400
ADSW,2019-10-14,32.61000061035156,32.63999938964844,32.560001373291016,32.630001068115234,32.630001068115234,632000
ADSW,2019-10-15,32.630001068115234,32.65999984741211,32.599998474121094,32.63999938964844,32.63999938964844,747900
ADSW,2019-10-16,32.619998931884766,32.650001525878906,32.61000061035156,32.63999938964844,32.63999938964844,586200
ADSW,2019-10-17,32.63999938964844,32.70000076293945,32.619998931884766,32.66999816894531,32.66999816894531,1064400
ADSW,2019-10-18,32.63999938964844,32.709999084472656,32.63999938964844,32.68000030517578,32.68000030517578,818300
ADSW,2019-10-21,32.689998626708984,32.70000076293945,32.63999938964844,32.689998626708984,32.689998626708984,793800
ADSW,2019-10-22,32.689998626708984,32.77000045776367,32.66999816894531,32.72999954223633,32.72999954223633,697500
ADSW,2019-10-23,32.720001220703125,32.790000915527344,32.70000076293945,32.790000915527344,32.790000915527344,2845300
ADSW,2019-10-24,32.79999923706055,32.81999969482422,32.77000045776367,32.810001373291016,32.810001373291016,598800
ADSW,2019-10-25,32.79999923706055,32.84000015258789,32.790000915527344,32.79999923706055,32.79999923706055,1331800
ADSW,2019-10-28,32.79999923706055,32.81999969482422,32.619998931884766,32.81999969482422,32.81999969482422,2048500
ADSW,2019-10-29,32.79999923706055,32.8650016784668,32.77000045776367,32.81999969482422,32.81999969482422,618600
ADSW,2019-10-30,32.869998931884766,32.97999954223633,32.79999923706055,32.97999954223633,32.97999954223633,1648300
ADSW,2019-10-31,32.81999969482422,32.900001525878906,32.720001220703125,32.779998779296875,32.779998779296875,1084800
ADSW,2019-11-01,32.81999969482422,32.85499954223633,32.790000915527344,32.810001373291016,32.810001373291016,1083500
ADSW,2019-11-04,32.84000015258789,32.86000061035156,32.709999084472656,32.849998474121094,32.849998474121094,589600
ADSW,2019-11-05,32.83000183105469,32.869998931884766,32.790000915527344,32.849998474121094,32.849998474121094,677000
ADSW,2019-11-06,32.84000015258789,32.880001068115234,32.83000183105469,32.84000015258789,32.84000015258789,1112600
ADSW,2019-11-07,32.849998474121094,32.88999938964844,32.83000183105469,32.88999938964844,32.88999938964844,861500
ADSW,2019-11-08,32.869998931884766,32.88999938964844,32.834999084472656,32.86000061035156,32.86000061035156,1064600
ADSW,2019-11-11,32.849998474121094,32.869998931884766,32.72999954223633,32.779998779296875,32.779998779296875,1171300
ADSW,2019-11-12,32.790000915527344,32.81999969482422,32.7400016784668,32.75,32.75,991600
ADSW,2019-11-13,32.7599983215332,32.849998474121094,32.7599983215332,32.79999923706055,32.79999923706055,978900
ADSW,2019-11-14,32.79999923706055,32.83000183105469,32.7400016784668,32.810001373291016,32.810001373291016,1508000
ADSW,2019-11-15,32.810001373291016,32.83000183105469,32.7599983215332,32.810001373291016,32.810001373291016,692200
ADSW,2019-11-18,32.790000915527344,32.849998474121094,32.790000915527344,32.849998474121094,32.849998474121094,714400
ADSW,2019-11-19,32.84000015258789,32.849998474121094,32.810001373291016,32.84000015258789,32.84000015258789,967400
ADSW,2019-11-20,32.83000183105469,32.880001068115234,32.83000183105469,32.869998931884766,32.869998931884766,732300
ADSW,2019-11-21,32.86000061035156,32.90999984741211,32.845001220703125,32.880001068115234,32.880001068115234,735100
ADSW,2019-11-22,32.869998931884766,32.915000915527344,32.849998474121094,32.90999984741211,32.90999984741211,865900
ADSW,2019-11-25,32.900001525878906,32.91999816894531,32.84000015258789,32.849998474121094,32.849998474121094,732100
ADSW,2019-11-26,32.900001525878906,32.92499923706055,32.86000061035156,32.880001068115234,32.880001068115234,658600
ADSW,2019-11-27,32.900001525878906,32.91999816894531,32.86000061035156,32.900001525878906,32.900001525878906,354100
ADSW,2019-11-29,32.880001068115234,32.95000076293945,32.869998931884766,32.95000076293945,32.95000076293945,849600
ADSW,2019-12-02,32.939998626708984,32.95000076293945,32.86000061035156,32.869998931884766,32.869998931884766,1183300
ADSW,2019-12-03,32.880001068115234,32.93000030517578,32.84000015258789,32.93000030517578,32.93000030517578,1496700
ADSW,2019-12-04,32.91999816894531,32.93000030517578,32.81999969482422,32.84000015258789,32.84000015258789,1002200
ADSW,2019-12-05,32.869998931884766,32.88999938964844,32.79999923706055,32.83000183105469,32.83000183105469,626300
ADSW,2019-12-06,32.869998931884766,32.869998931884766,32.79999923706055,32.81999969482422,32.81999969482422,862600
ADSW,2019-12-09,32.83000183105469,32.849998474121094,32.79999923706055,32.84000015258789,32.84000015258789,691600
ADSW,2019-12-10,32.84000015258789,32.900001525878906,32.81999969482422,32.880001068115234,32.880001068115234,1002900
ADSW,2019-12-11,32.88999938964844,32.900001525878906,32.83000183105469,32.83000183105469,32.83000183105469,326200
ADSW,2019-12-12,32.86000061035156,32.86000061035156,32.744998931884766,32.75,32.75,3095000
ADSW,2019-12-13,32.77000045776367,32.81999969482422,32.75,32.779998779296875,32.779998779296875,1104500
ADSW,2019-12-16,32.779998779296875,32.83000183105469,32.7599983215332,32.83000183105469,32.83000183105469,1061300
ADSW,2019-12-17,32.83000183105469,32.86000061035156,32.81999969482422,32.849998474121094,32.849998474121094,1004400
ADSW,2019-12-18,32.869998931884766,32.900001525878906,32.83000183105469,32.900001525878906,32.900001525878906,522800
ADSW,2019-12-19,32.869998931884766,32.88999938964844,32.79999923706055,32.86000061035156,32.86000061035156,1368100
ADSW,2019-12-20,32.880001068115234,32.900001525878906,32.81999969482422,32.900001525878906,32.900001525878906,897400
ADSW,2019-12-23,32.869998931884766,32.95000076293945,32.86000061035156,32.95000076293945,32.95000076293945,1945900
ADSW,2019-12-24,32.939998626708984,32.939998626708984,32.880001068115234,32.900001525878906,32.900001525878906,111000
ADSW,2019-12-26,32.90999984741211,32.95000076293945,32.869998931884766,32.939998626708984,32.939998626708984,990100
ADSW,2019-12-27,32.93000030517578,32.939998626708984,32.880001068115234,32.900001525878906,32.900001525878906,505000
ADSW,2019-12-30,32.900001525878906,32.90999984741211,32.880001068115234,32.88999938964844,32.88999938964844,163200
ADSW,2019-12-31,32.88999938964844,32.90999984741211,32.869998931884766,32.869998931884766,32.869998931884766,523500
ADSW,2020-01-02,32.900001525878906,32.95000076293945,32.880001068115234,32.95000076293945,32.95000076293945,477700
ADSW,2020-01-03,32.90999984741211,32.95000076293945,32.900001525878906,32.95000076293945,32.95000076293945,658500
ADSW,2020-01-06,32.91999816894531,32.95000076293945,32.90999984741211,32.95000076293945,32.95000076293945,1072700
ADSW,2020-01-07,32.93000030517578,32.939998626708984,32.88999938964844,32.91999816894531,32.91999816894531,1013700
ADSW,2020-01-08,32.91999816894531,32.939998626708984,32.900001525878906,32.939998626708984,32.939998626708984,534700
ADSW,2020-01-09,32.939998626708984,32.95000076293945,32.91999816894531,32.939998626708984,32.939998626708984,383400
ADSW,2020-01-10,32.939998626708984,32.95000076293945,32.93000030517578,32.93000030517578,32.93000030517578,274500
ADSW,2020-01-13,32.939998626708984,32.95000076293945,32.90999984741211,32.95000076293945,32.95000076293945,1701300
ADSW,2020-01-14,32.939998626708984,33.0,32.90999984741211,32.93000030517578,32.93000030517578,972100
ADSW,2020-01-15,32.93000030517578,32.94499969482422,32.90999984741211,32.90999984741211,32.90999984741211,514800
ADSW,2020-01-16,32.939998626708984,32.95000076293945,32.90999984741211,32.93000030517578,32.93000030517578,967300
ADSW,2020-01-17,32.95000076293945,32.95000076293945,32.91999816894531,32.939998626708984,32.939998626708984,643700
ADSW,2020-01-21,32.93000030517578,32.939998626708984,32.91999816894531,32.93000030517578,32.93000030517578,1365800
ADSW,2020-01-22,32.90999984741211,32.95000076293945,32.90999984741211,32.939998626708984,32.939998626708984,368400
ADSW,2020-01-23,32.93000030517578,32.970001220703125,32.93000030517578,32.959999084472656,32.959999084472656,935900
ADSW,2020-01-24,32.970001220703125,33.0099983215332,32.95000076293945,32.9900016784668,32.9900016784668,680800
ADSW,2020-01-27,32.97999954223633,33.02000045776367,32.959999084472656,32.970001220703125,32.970001220703125,583000
ADSW,2020-01-28,32.97999954223633,32.9900016784668,32.95000076293945,32.959999084472656,32.959999084472656,399400
ADSW,2020-01-29,32.959999084472656,32.9900016784668,32.95000076293945,32.970001220703125,32.970001220703125,166500
ADSW,2020-01-30,32.939998626708984,32.9900016784668,32.93000030517578,32.9900016784668,32.9900016784668,311800
ADSW,2020-01-31,32.97999954223633,32.9900016784668,32.95000076293945,32.95000076293945,32.95000076293945,437500
ADSW,2020-02-03,32.970001220703125,32.97999954223633,32.95000076293945,32.95000076293945,32.95000076293945,649000
ADSW,2020-02-04,32.970001220703125,32.97999954223633,32.939998626708984,32.939998626708984,32.939998626708984,942000
ADSW,2020-02-05,32.95000076293945,32.96500015258789,32.91999816894531,32.91999816894531,32.91999816894531,694900
ADSW,2020-02-06,32.939998626708984,32.959999084472656,32.900001525878906,32.90999984741211,32.90999984741211,651100
ADSW,2020-02-07,32.91999816894531,32.959999084472656,32.91999816894531,32.93000030517578,32.93000030517578,637300
ADSW,2020-02-10,32.939998626708984,32.939998626708984,32.90999984741211,32.93000030517578,32.93000030517578,1005000
ADSW,2020-02-11,32.95000076293945,32.95000076293945,32.91999816894531,32.95000076293945,32.95000076293945,379900
ADSW,2020-02-12,32.95000076293945,32.97999954223633,32.93000030517578,32.95000076293945,32.95000076293945,1607900
ADSW,2020-02-13,32.95000076293945,33.040000915527344,32.939998626708984,33.040000915527344,33.040000915527344,2712600
ADSW,2020-02-14,33.040000915527344,33.06999969482422,33.0,33.0,33.0,1458600
ADSW,2020-02-18,33.0099983215332,33.08000183105469,33.0099983215332,33.08000183105469,33.08000183105469,2537200
ADSW,2020-02-19,33.06999969482422,33.06999969482422,33.040000915527344,33.060001373291016,33.060001373291016,988100
ADSW,2020-02-20,33.060001373291016,33.08000183105469,33.040000915527344,33.060001373291016,33.060001373291016,566900
ADSW,2020-02-21,33.060001373291016,33.08000183105469,33.04999923706055,33.06999969482422,33.06999969482422,978300
ADSW,2020-02-24,33.040000915527344,33.150001525878906,33.029998779296875,33.099998474121094,33.099998474121094,1963000
ADSW,2020-02-25,33.08000183105469,33.09000015258789,33.0099983215332,33.060001373291016,33.060001373291016,1526300
ADSW,2020-02-26,33.060001373291016,33.060001373291016,32.994998931884766,33.02000045776367,33.02000045776367,2529000
ADSW,2020-02-27,33.0099983215332,33.02000045776367,32.91999816894531,32.959999084472656,32.959999084472656,3540600
ADSW,2020-02-28,32.970001220703125,33.08000183105469,32.83000183105469,33.060001373291016,33.060001373291016,3454400
ADSW,2020-03-02,33.0,33.060001373291016,32.959999084472656,32.970001220703125,32.970001220703125,3391600
ADSW,2020-03-03,32.97999954223633,33.0099983215332,32.849998474121094,32.9900016784668,32.9900016784668,1797500
ADSW,2020-03-04,32.970001220703125,33.0099983215332,32.939998626708984,32.97999954223633,32.97999954223633,1537200
ADSW,2020-03-05,32.95000076293945,33.029998779296875,32.939998626708984,32.97999954223633,32.97999954223633,2224200
ADSW,2020-03-06,32.95000076293945,33.060001373291016,32.869998931884766,33.060001373291016,33.060001373291016,4896000
ADSW,2020-03-09,32.810001373291016,32.9900016784668,32.630001068115234,32.7599983215332,32.7599983215332,3353500
ADSW,2020-03-10,32.79999923706055,33.040000915527344,32.790000915527344,32.95000076293945,32.95000076293945,3403100
ADSW,2020-03-11,32.849998474121094,33.119998931884766,32.83000183105469,32.91999816894531,32.91999816894531,2542700
ADSW,2020-03-12,32.779998779296875,33.03499984741211,32.33000183105469,32.349998474121094,32.349998474121094,3957000
ADSW,2020-03-13,32.52000045776367,32.959999084472656,32.41999816894531,32.7400016784668,32.7400016784668,3751000
ADSW,2020-03-16,32.599998474121094,33.084999084472656,31.86000061035156,32.79999923706055,32.79999923706055,3644400
ADSW,2020-03-17,32.880001068115234,32.939998626708984,31.65999984741211,32.29999923706055,32.29999923706055,3425200
ADSW,2020-03-18,31.96999931335449,32.25,30.149999618530277,30.489999771118164,30.489999771118164,2754900
ADSW,2020-03-19,30.3700008392334,32.209999084472656,28.549999237060547,31.84000015258789,31.84000015258789,2606800
ADSW,2020-03-20,32.0,32.150001525878906,31.01000022888184,31.299999237060547,31.299999237060547,1746300
ADSW,2020-03-23,31.209999084472656,31.700000762939453,30.8799991607666,31.299999237060547,31.299999237060547,2169500
ADSW,2020-03-24,31.709999084472656,32.43000030517578,31.520000457763672,32.34000015258789,32.34000015258789,1891500
ADSW,2020-03-25,32.29999923706055,32.58000183105469,32.02000045776367,32.310001373291016,32.310001373291016,2171800
ADSW,2020-03-26,32.59000015258789,32.65999984741211,32.38999938964844,32.45000076293945,32.45000076293945,2114400
ADSW,2020-03-27,32.209999084472656,32.58000183105469,32.13999938964844,32.459999084472656,32.459999084472656,2466100
ADSW,2020-03-30,32.709999084472656,32.97999954223633,32.599998474121094,32.779998779296875,32.779998779296875,1400400
ADSW,2020-03-31,32.75,32.900001525878906,32.56999969482422,32.79999923706055,32.79999923706055,1106600
ADSW,2020-04-01,32.709999084472656,32.84000015258789,32.369998931884766,32.59000015258789,32.59000015258789,1387700
